City_ID,City,Country,Date,Lat,Lng,Max Temp,Humidity,Cloudiness,Wind Speed
0,Nikolskoye,RU,2021-07-11 22:46:49,59.7035,30.7861,67.89,86,2,4.47
1,Itoman,JP,2021-07-11 22:46:50,26.1247,127.6694,84.22,86,75,3.44
2,Tutoia,BR,2021-07-11 22:46:50,-2.7619,-42.2744,79.93,81,92,11.68
3,Gravdal,NO,2021-07-11 22:46:50,68.1214,13.5031,55.76,98,100,14.36
4,Cururupu,BR,2021-07-11 22:46:51,-1.8283,-44.8683,74.05,97,78,2.86
5,Vestmannaeyjar,IS,2021-07-11 22:46:51,63.4427,-20.2734,52.93,90,11,9.6
6,Tecoanapa,MX,2021-07-11 22:46:51,16.5167,-98.75,86.63,65,90,9.06
7,Sao Filipe,CV,2021-07-11 22:46:51,14.8961,-24.4956,72.39,75,59,6.06
8,Amahai,ID,2021-07-11 22:46:52,-3.3333,128.9167,77.27,91,97,2.15
9,Butaritari,KI,2021-07-11 22:46:52,3.0707,172.7902,82.6,75,76,11.41
10,Taunggyi,MM,2021-07-11 22:46:52,20.7833,97.0333,62.67,96,68,2.35
11,Dikson,RU,2021-07-11 22:46:53,73.5069,80.5464,33.42,99,100,16.69
12,Provideniya,RU,2021-07-11 22:46:53,64.3833,-173.3,51.91,66,0,8.95
13,Bredasdorp,ZA,2021-07-11 22:46:53,-34.5322,20.0403,45.72,81,34,8.05
14,Den Helder,NL,2021-07-11 22:46:53,52.9599,4.7593,64.02,95,90,1.99
15,Huaiyuan,CN,2021-07-11 22:46:54,32.973,117.1995,82.6,76,94,12.28
16,Gigmoto,PH,2021-07-11 22:46:54,13.7796,124.39,83.17,84,100,7.65
17,Ribeira Grande,PT,2021-07-11 22:46:54,38.5167,-28.7,67.64,72,100,16.02
18,Bubaque,GW,2021-07-11 22:46:54,11.2833,-15.8333,80.01,81,100,13.02
19,Hay River,CA,2021-07-11 22:45:15,60.8156,-115.7999,75.18,50,75,13.8
20,Port Hedland,AU,2021-07-11 22:46:55,-20.3167,118.5667,60.85,82,72,4.61
21,Sola,VU,2021-07-11 22:46:55,-13.8833,167.55,79.47,89,90,0.0
22,Tigil,RU,2021-07-11 22:46:55,57.8,158.6667,67.3,68,63,4.85
23,Itarema,BR,2021-07-11 22:46:56,-2.9248,-39.9167,79.27,78,59,14.81
24,Tuktoyaktuk,CA,2021-07-11 22:46:56,69.4541,-133.0374,48.2,87,90,20.71
25,Caravelas,BR,2021-07-11 22:46:56,-17.7125,-39.2481,69.57,84,0,6.11
26,Am Timan,TD,2021-07-11 22:46:56,11.0297,20.2827,73.94,88,93,8.75
27,Busselton,AU,2021-07-11 22:46:57,-33.65,115.3333,56.05,93,100,20.89
28,Rocha,UY,2021-07-11 22:46:57,-34.4833,-54.3333,45.91,65,6,5.84
29,Port Elizabeth,ZA,2021-07-11 22:46:57,-33.918,25.5701,44.89,76,0,4.61
30,Atuona,PF,2021-07-11 22:46:58,-9.8,-139.0333,77.23,79,45,24.11
31,Sorong,ID,2021-07-11 22:46:58,-0.8833,131.25,80.01,85,93,5.91
32,Mataura,NZ,2021-07-11 22:46:58,-46.1927,168.8643,39.76,82,100,3.04
33,Broome,US,2021-07-11 22:46:58,42.2506,-75.833,67.84,89,100,1.01
34,Saskylakh,RU,2021-07-11 22:46:59,71.9167,114.0833,48.96,43,42,15.48
35,Barrow,US,2021-07-11 22:46:59,71.2906,-156.7887,33.82,70,90,10.36
36,Genc,TR,2021-07-11 22:46:59,38.7507,40.5603,71.64,34,0,3.44
37,Jamestown,US,2021-07-11 22:45:17,42.097,-79.2353,69.39,97,90,5.99
38,Baie-Comeau,CA,2021-07-11 22:47:00,49.2168,-68.1489,64.08,77,40,4.61
39,Cockburn Town,TC,2021-07-11 22:47:00,21.4612,-71.1419,82.36,65,40,17.27
40,Rikitea,PF,2021-07-11 22:47:00,-23.1203,-134.9692,73.71,82,44,21.63
41,Severo-Kurilsk,RU,2021-07-11 22:47:00,50.6789,156.125,53.83,91,100,7.25
42,Russell,US,2021-07-11 22:45:15,32.3502,-85.1999,81.55,69,75,5.75
43,Aonla,IN,2021-07-11 22:47:01,28.2833,79.15,80.91,77,100,11.63
44,Faya,SA,2021-07-11 22:47:01,18.3851,42.4509,71.71,47,90,3.06
45,Hofn,IS,2021-07-11 22:47:01,64.2539,-15.2082,52.65,89,11,9.84
46,Hamilton,US,2021-07-11 22:42:36,39.1834,-84.5333,82.24,78,40,1.01
47,Panaba,MX,2021-07-11 22:47:02,21.2833,-88.2667,91.18,45,100,18.59
48,Bluff,NZ,2021-07-11 22:47:02,-46.6,168.3333,44.71,84,100,17.13
49,Yanam,IN,2021-07-11 22:47:02,16.7333,82.2167,78.1,89,100,2.89
50,Midland,US,2021-07-11 22:46:48,31.9974,-102.0779,85.48,55,1,4.61
51,Puerto Ayora,EC,2021-07-11 22:47:03,-0.7393,-90.3518,76.96,84,28,8.01
52,Carnarvon,AU,2021-07-11 22:47:03,-24.8667,113.6333,66.27,88,75,13.8
53,Hobart,AU,2021-07-11 22:44:04,-42.8794,147.3294,48.11,91,75,1.99
54,Beyneu,KZ,2021-07-11 22:47:03,45.3167,55.2,79.81,51,37,6.26
55,Tuatapere,NZ,2021-07-11 22:47:04,-46.1333,167.6833,42.42,85,96,5.37
56,Chingirlau,KZ,2021-07-11 22:47:04,51.095,54.0814,61.95,69,55,8.48
57,Dingle,PH,2021-07-11 22:47:04,10.9995,122.6711,79.68,86,36,4.25
58,Saint-Philippe,RE,2021-07-11 22:47:05,-21.3585,55.7679,67.55,73,58,12.86
59,Uyuni,BO,2021-07-11 22:47:05,-20.4597,-66.825,43.57,41,0,5.03
60,Awjilah,LY,2021-07-11 22:43:04,29.1081,21.2869,79.56,71,0,13.24
61,Torbay,CA,2021-07-11 22:47:05,47.6666,-52.7314,61.29,93,75,3.44
62,Xixiang,CN,2021-07-11 22:47:05,35.1628,112.865,79.45,82,2,3.24
63,Cape Town,ZA,2021-07-11 22:43:05,-33.9258,18.4232,54.12,83,75,12.66
64,Hermanus,ZA,2021-07-11 22:43:52,-34.4187,19.2345,53.91,67,47,9.19
65,Banda Aceh,ID,2021-07-11 22:47:06,5.5577,95.3222,79.63,69,98,11.05
66,Pemberton,CA,2021-07-11 22:43:06,50.3164,-122.8027,89.29,29,4,4.59
67,San Quintin,MX,2021-07-11 22:46:10,30.4833,-115.95,74.52,62,19,13.2
68,Lavrentiya,RU,2021-07-11 22:47:06,65.5833,-171.0,49.98,81,96,7.31
69,Kodiak,US,2021-07-11 22:47:07,57.79,-152.4072,51.31,82,90,14.97
70,Sechura,PE,2021-07-11 22:47:07,-5.5569,-80.8222,72.45,67,48,16.82
71,Ushuaia,AR,2021-07-11 22:47:07,-54.8,-68.3,33.46,86,40,8.05
72,Ottumwa,US,2021-07-11 22:47:07,41.02,-92.4113,70.16,90,90,5.01
73,Yellowknife,CA,2021-07-11 22:44:34,62.456,-114.3525,77.52,36,75,17.27
74,Corinto,GR,2021-07-11 22:47:08,37.9407,22.9573,82.63,40,0,2.64
75,Baruun-Urt,MN,2021-07-11 22:47:08,46.6806,113.2792,71.87,62,98,5.08
76,Bichura,RU,2021-07-11 22:47:08,50.5881,107.6022,61.72,98,100,3.44
77,Old Town,CZ,2021-07-11 22:47:09,50.087,14.4202,61.97,95,75,1.99
78,Benghazi,LY,2021-07-11 22:47:09,32.1167,20.0667,79.57,63,0,16.53
79,Feijo,BR,2021-07-11 22:47:09,-8.1642,-70.3536,79.57,60,85,0.81
80,Cary,US,2021-07-11 22:47:10,35.7915,-78.7811,86.45,77,75,4.0
81,Tasiilaq,GL,2021-07-11 22:47:10,65.6145,-37.6368,44.76,99,100,8.32
82,Tarko-Sale,RU,2021-07-11 22:47:10,64.9225,77.785,53.17,60,99,8.48
83,Khatanga,RU,2021-07-11 22:47:10,71.9667,102.5,51.13,43,91,7.43
84,Daru,PG,2021-07-11 22:47:11,-9.0763,143.2092,78.66,90,31,14.38
85,Vaini,TO,2021-07-11 22:47:11,-21.2,-175.2,78.96,89,20,9.22
86,Thompson,CA,2021-07-11 22:47:11,55.7435,-97.8558,69.96,83,75,3.44
87,Ancud,CL,2021-07-11 22:47:12,-41.8697,-73.8203,46.22,91,99,3.65
88,Upernavik,GL,2021-07-11 22:47:12,72.7868,-56.1549,38.64,74,8,13.06
89,Cidreira,BR,2021-07-11 22:47:12,-30.1811,-50.2056,60.49,89,0,6.49
90,Bethel,US,2021-07-11 22:47:12,41.3712,-73.414,76.71,85,90,1.01
91,Port Alfred,ZA,2021-07-11 22:47:13,-33.5906,26.891,64.31,28,0,8.75
92,Touros,BR,2021-07-11 22:44:33,-5.1989,-35.4608,77.9,80,2,13.53
93,Nantucket,US,2021-07-11 22:47:01,41.2835,-70.0995,73.62,80,1,6.91
94,Tete,MZ,2021-07-11 22:47:13,-16.1564,33.5867,75.29,57,0,6.91
95,Lebu,CL,2021-07-11 22:47:13,-37.6167,-73.65,48.83,75,11,13.18
96,Bathsheba,BB,2021-07-11 22:47:14,13.2167,-59.5167,79.41,89,75,24.16
97,Santa Maria,BR,2021-07-11 22:47:14,-29.6842,-53.8069,61.9,94,9,4.61
98,Yulara,AU,2021-07-11 22:47:14,-25.2406,130.9889,42.64,70,6,6.91
99,Georgetown,MY,2021-07-11 22:43:29,5.4112,100.3354,75.13,98,40,0.0
100,Meulaboh,ID,2021-07-11 22:47:14,4.1363,96.1285,74.82,83,97,5.12
101,General Roca,AR,2021-07-11 22:47:15,-39.0333,-67.5833,48.6,36,0,8.32
102,Punta Arenas,CL,2021-07-11 22:42:16,-53.15,-70.9167,35.71,75,20,34.52
103,Longyearbyen,SJ,2021-07-11 22:47:15,78.2186,15.6401,39.04,87,75,13.8
104,Bjornevatn,NO,2021-07-11 22:47:15,69.6672,29.9847,53.94,76,40,3.44
105,Grand Gaube,MU,2021-07-11 22:47:16,-20.0064,57.6608,70.2,79,25,8.99
106,Kapaa,US,2021-07-11 22:43:33,22.0752,-159.319,84.52,75,40,3.0
107,Cap Malheureux,MU,2021-07-11 22:47:16,-19.9842,57.6142,70.29,79,28,8.99
108,Ponta Do Sol,PT,2021-07-11 22:47:17,32.6667,-17.1,77.63,73,2,6.8
109,Chuy,UY,2021-07-11 22:47:17,-33.6971,-53.4616,47.59,79,1,5.39
110,Ostrovnoy,RU,2021-07-11 22:47:17,68.0531,39.5131,43.36,73,49,8.3
111,Najran,SA,2021-07-11 22:47:17,17.4924,44.1277,84.85,19,90,4.09
112,Sao Jose Da Coroa Grande,BR,2021-07-11 22:47:18,-8.8978,-35.1478,74.98,85,13,8.7
113,Luza,RU,2021-07-11 22:47:18,60.6308,47.2512,57.22,73,11,5.14
114,Talnakh,RU,2021-07-11 22:47:18,69.4865,88.3972,43.59,91,100,11.01
115,Dicabisagan,PH,2021-07-11 22:47:19,17.0818,122.4157,82.36,80,100,1.07
116,Makasar,ID,2021-07-11 22:47:19,-5.14,119.4221,73.45,88,20,2.3
117,Saint-Pierre,RE,2021-07-11 22:47:19,-21.3393,55.4781,67.64,73,0,5.75
118,Boa Vista,BR,2021-07-11 22:47:19,2.8197,-60.6733,80.58,78,75,3.44
119,Margate,GB,2021-07-11 22:47:20,51.3813,1.3862,61.32,83,100,1.01
120,Billings,US,2021-07-11 22:47:20,45.7833,-108.5007,101.37,13,75,11.5
121,Phangnga,TH,2021-07-11 22:47:20,8.4509,98.5298,81.82,94,99,1.05
122,Chokurdakh,RU,2021-07-11 22:47:21,70.6333,147.9167,41.5,74,100,15.79
123,Namatanai,PG,2021-07-11 22:47:21,-3.6667,152.4333,82.92,72,79,8.61
124,Albany,US,2021-07-11 22:43:21,42.6001,-73.9662,68.38,93,100,4.32
125,Kahului,US,2021-07-11 22:47:21,20.8947,-156.47,84.97,65,20,23.02
126,Makakilo City,US,2021-07-11 22:47:21,21.3469,-158.0858,82.72,52,40,9.22
127,Richards Bay,ZA,2021-07-11 22:47:22,-28.783,32.0377,65.71,70,0,13.98
128,Hilo,US,2021-07-11 22:44:15,19.7297,-155.09,79.79,69,75,5.75
129,Sisian,AM,2021-07-11 22:47:22,39.5256,46.0251,70.16,74,7,2.68
130,Matara,LK,2021-07-11 22:47:22,5.9485,80.5353,78.39,87,100,16.13
131,Honiara,SB,2021-07-11 22:44:12,-9.4333,159.95,84.63,66,43,5.32
132,Bud,US,2021-07-11 22:47:23,39.447,-86.1758,79.21,84,85,5.64
133,Svetlyy,RU,2021-07-11 22:47:23,54.675,20.1347,66.25,93,2,7.34
134,Eyl,SO,2021-07-11 22:47:23,7.9803,49.8164,78.94,67,54,25.28
135,Klaksvik,FO,2021-07-11 22:47:24,62.2266,-6.589,50.92,96,100,1.57
136,Srednekolymsk,RU,2021-07-11 22:47:24,67.45,153.6833,79.09,35,2,22.77
137,Oranjestad,AW,2021-07-11 22:47:24,12.524,-70.027,84.15,79,40,16.11
138,Kalabo,ZM,2021-07-11 22:47:24,-14.97,22.6814,53.87,39,0,5.5
139,Qaanaaq,GL,2021-07-11 22:47:25,77.484,-69.3632,38.93,66,59,2.48
140,Kaitangata,NZ,2021-07-11 22:47:25,-46.2817,169.8464,41.94,73,100,6.98
141,Guangyuan,CN,2021-07-11 22:47:25,32.442,105.823,74.57,97,98,1.19
142,Solnechnyy,RU,2021-07-11 22:47:26,50.7214,136.6319,70.72,92,91,2.95
143,Hasaki,JP,2021-07-11 22:47:26,35.7333,140.8333,77.4,80,60,5.5
144,Castro,BR,2021-07-11 22:47:26,-24.7911,-50.0119,53.22,77,13,3.11
145,Petropavlovsk-Kamchatskiy,RU,2021-07-11 22:47:26,53.0452,158.6483,66.79,60,0,2.24
146,Avarua,CK,2021-07-11 22:47:27,-21.2078,-159.775,80.65,74,75,11.5
147,Sao Gabriel Da Cachoeira,BR,2021-07-11 22:47:27,-0.1303,-67.0892,76.8,94,0,2.3
148,New Norfolk,AU,2021-07-11 22:47:27,-42.7826,147.0587,47.75,87,100,1.92
149,Rio Gallegos,AR,2021-07-11 22:47:28,-51.6226,-69.2181,35.65,69,0,23.02
150,Fortuna,US,2021-07-11 22:47:28,40.5982,-124.1573,66.85,83,1,13.8
151,Mount Gambier,AU,2021-07-11 22:47:28,-37.8333,140.7667,48.11,76,40,14.97
152,San Luis,AR,2021-07-11 22:47:28,-33.295,-66.3356,54.03,54,91,2.75
153,Havelock,US,2021-07-11 22:47:29,34.8791,-76.9013,85.05,85,46,8.01
154,Silver City,US,2021-07-11 22:47:29,32.7701,-108.2803,64.63,70,41,15.23
155,Ust-Nera,RU,2021-07-11 22:47:29,64.5667,143.2,58.1,72,100,10.33
156,Carmo Do Paranaiba,BR,2021-07-11 22:47:29,-19.0008,-46.3161,59.76,60,0,4.59
157,Kassala,SD,2021-07-11 22:47:30,15.451,36.4,78.8,71,59,13.42
158,Bundaberg,AU,2021-07-11 22:47:30,-24.85,152.35,65.21,72,66,5.01
159,Te Anau,NZ,2021-07-11 22:47:30,-45.4167,167.7167,39.51,81,91,1.23
160,Burns Lake,CA,2021-07-11 22:45:24,54.2331,-125.7533,71.02,26,6,6.53
161,Montenegro,ME,2021-07-11 22:47:31,42.5,19.3,69.55,64,0,1.14
162,Valer,NO,2021-07-11 22:47:31,60.6785,11.8331,59.5,98,1,4.03
163,Luanda,AO,2021-07-11 22:47:31,-8.8368,13.2343,71.6,94,75,3.44
164,Inta,RU,2021-07-11 22:47:31,66.0317,60.1659,38.91,81,49,8.12
165,Esperance,AU,2021-07-11 22:47:32,-33.8667,121.9,44.44,73,70,17.72
166,Port Blair,IN,2021-07-11 22:47:32,11.6667,92.75,81.19,83,99,14.67
167,East London,ZA,2021-07-11 22:44:24,-33.0153,27.9116,65.95,28,0,9.22
168,Raton,US,2021-07-11 22:47:32,36.9034,-104.4391,80.94,48,1,9.22
169,Hithadhoo,MV,2021-07-11 22:47:33,-0.6,73.0833,81.12,71,43,2.15
170,Katsuura,JP,2021-07-11 22:47:33,35.1333,140.3,78.19,83,72,1.5
171,Norman Wells,CA,2021-07-11 22:47:33,65.282,-126.8329,73.44,33,40,8.05
172,Belmonte,BR,2021-07-11 22:47:33,-15.8631,-38.8828,73.9,82,16,7.85
173,Kongsvinger,NO,2021-07-11 22:47:34,60.1905,11.9977,59.67,98,1,3.98
174,Muros,ES,2021-07-11 22:47:34,42.7762,-9.0603,61.84,82,77,5.14
175,Berlevag,NO,2021-07-11 22:47:34,70.8578,29.0864,49.84,77,5,10.22
176,Chifeng,CN,2021-07-11 22:47:35,42.2683,118.9636,76.05,79,98,4.56
177,Montmagny,FR,2021-07-11 22:47:35,48.9734,2.3469,66.02,79,0,5.75
178,Mogadishu,SO,2021-07-11 22:47:35,2.0371,45.3438,76.19,85,25,17.47
179,Santa Cruz Del Norte,CU,2021-07-11 22:47:35,23.1539,-81.9236,84.94,79,100,18.23
180,Alice Springs,AU,2021-07-11 22:47:36,-23.7,133.8833,49.55,53,6,2.3
181,Portland,US,2021-07-11 22:44:38,45.5234,-122.6762,91.71,42,1,3.0
182,Nizhnedevitsk,RU,2021-07-11 22:47:36,51.5419,38.3657,71.65,83,2,7.29
183,Dhidhdhoo,MV,2021-07-11 22:47:36,6.8833,73.1,81.66,82,100,18.32
184,Cukai,MY,2021-07-11 22:47:37,4.25,103.4167,75.34,91,100,3.94
185,Dondo,MZ,2021-07-11 22:47:37,-19.6094,34.7431,71.11,92,0,1.63
186,Tonantins,BR,2021-07-11 22:47:37,-2.8731,-67.8022,73.99,97,90,1.23
187,Plettenberg Bay,ZA,2021-07-11 22:47:38,-34.0527,23.3716,53.65,46,0,3.42
188,Salalah,OM,2021-07-11 22:47:38,17.0151,54.0924,80.69,89,90,6.91
189,Houma,US,2021-07-11 22:46:51,29.5958,-90.7195,87.8,77,40,8.05
190,Codrington,AU,2021-07-11 22:47:38,-38.2667,141.9667,49.17,61,64,19.77
191,Mahebourg,MU,2021-07-11 22:47:39,-20.4081,57.7,70.09,78,75,14.97
192,Cabo San Lucas,MX,2021-07-11 22:43:12,22.8909,-109.9124,95.81,63,10,13.91
193,Penzance,GB,2021-07-11 22:47:39,50.1186,-5.5371,56.08,94,68,7.67
194,Sorland,NO,2021-07-11 22:47:39,67.667,12.6934,56.21,96,100,21.97
195,Myrtle Beach,US,2021-07-11 22:45:15,33.6891,-78.8867,86.29,79,40,20.71
196,Terrace,CA,2021-07-11 22:45:15,54.5163,-128.6035,73.42,46,40,5.75
197,Alto Araguaia,BR,2021-07-11 22:47:40,-17.3147,-53.2153,67.82,36,12,1.83
198,Oxford,GB,2021-07-11 22:47:40,51.7522,-1.256,59.29,94,0,0.0
199,Nanakuli,US,2021-07-11 22:47:40,21.3906,-158.1547,84.15,51,40,9.22
200,Arraial Do Cabo,BR,2021-07-11 22:47:41,-22.9661,-42.0278,69.91,81,0,6.31
201,Kruisfontein,ZA,2021-07-11 22:47:41,-34.0033,24.7314,48.83,52,0,3.71
202,Beringovskiy,RU,2021-07-11 22:47:41,63.05,179.3167,60.84,62,85,6.29
203,Ndele,CF,2021-07-11 22:47:41,8.4109,20.6473,70.29,95,97,2.51
204,Bristol,US,2021-07-11 22:45:09,41.8334,-71.1662,76.24,78,75,5.01
205,Forest Lake,US,2021-07-11 22:43:14,45.2789,-92.9852,88.29,42,0,1.01
206,Butembo,CD,2021-07-11 22:47:42,0.15,29.2833,58.57,88,100,2.95
207,Tiksi,RU,2021-07-11 22:47:42,71.6872,128.8694,39.51,64,3,8.88
208,Kajaani,FI,2021-07-11 22:47:42,64.2273,27.7285,66.25,88,0,3.44
209,Linxia,CN,2021-07-11 22:47:43,35.6003,103.2064,59.29,79,34,4.34
210,Clyde River,CA,2021-07-11 22:47:43,70.4692,-68.5914,55.63,58,1,8.05
211,Kholtoson,RU,2021-07-11 22:47:43,50.2981,103.3097,58.77,99,100,2.42
212,Zhigansk,RU,2021-07-11 22:47:43,66.7697,123.3711,44.13,89,100,14.81
213,Izumo,JP,2021-07-11 22:47:44,35.3667,132.7667,73.29,94,75,5.75
214,Biak,ID,2021-07-11 22:47:44,-0.9131,122.8766,75.52,89,97,4.99
215,Pangnirtung,CA,2021-07-11 22:47:44,66.1451,-65.7125,56.52,51,30,4.56
216,Luwuk,ID,2021-07-11 22:47:45,-0.9516,122.7875,77.22,91,96,3.98
217,Ambon,ID,2021-07-11 22:47:45,-3.6954,128.1814,77.14,94,40,3.44
218,Hambantota,LK,2021-07-11 22:47:45,6.1241,81.1185,79.36,80,95,19.84
219,Guerrero Negro,MX,2021-07-11 22:47:45,27.9769,-114.0611,76.71,57,12,20.22
220,Kerema,PG,2021-07-11 22:47:46,-7.9631,145.7785,80.87,81,82,3.33
221,Fort Walton Beach,US,2021-07-11 22:47:46,30.4058,-86.6188,84.97,82,20,1.99
222,Mackenzie,CA,2021-07-11 22:47:46,55.2999,-123.1698,73.62,35,1,7.16
223,Erenhot,CN,2021-07-11 22:47:47,43.6475,111.9767,78.51,53,95,5.19
224,Bonavista,CA,2021-07-11 22:44:44,48.6499,-53.1147,59.0,97,88,11.25
225,Cayenne,GF,2021-07-11 22:47:47,4.9333,-52.3333,77.09,91,75,2.3
226,Bereda,ES,2021-07-11 22:47:47,43.2686,-7.5406,59.41,87,99,2.82
227,Phek,IN,2021-07-11 22:47:47,25.6667,94.5,59.76,98,100,1.95
228,Deputatskiy,RU,2021-07-11 22:47:48,69.3,139.9,37.89,82,100,7.23
229,Dukat,RU,2021-07-11 22:47:48,62.55,155.55,61.97,57,38,11.12
230,Constitucion,CL,2021-07-11 22:47:48,-35.3333,-72.4167,48.65,73,96,7.92
231,Azare,NG,2021-07-11 22:47:49,11.6765,10.1948,83.48,57,100,4.56
232,Veraval,IN,2021-07-11 22:47:49,20.9,70.3667,82.9,83,98,16.93
233,Cherskiy,RU,2021-07-11 22:47:49,68.75,161.3,81.63,34,7,24.99
234,Thinadhoo,MV,2021-07-11 22:47:50,0.5333,72.9333,81.37,72,82,4.99
235,Champerico,GT,2021-07-11 22:47:50,14.3,-91.9167,83.35,76,100,5.08
236,Vao,NC,2021-07-11 22:47:50,-22.6667,167.4833,70.09,66,34,17.4
237,Nanortalik,GL,2021-07-11 22:47:50,60.1432,-45.2371,41.47,98,100,1.7
238,Vanimo,PG,2021-07-11 22:47:51,-2.6741,141.3028,80.8,79,75,4.61
239,Praia Da Vitoria,PT,2021-07-11 22:47:51,38.7333,-27.0667,68.25,68,75,12.68
240,Inuvik,CA,2021-07-11 22:47:51,68.3499,-133.7218,63.36,63,75,17.27
241,Leningradskiy,RU,2021-07-11 22:47:51,69.3833,178.4167,67.37,59,49,7.27
242,Kalmunai,LK,2021-07-11 22:47:52,7.4167,81.8167,78.48,72,87,3.58
243,Arlit,NE,2021-07-11 22:47:52,18.7369,7.3853,92.53,15,0,5.21
244,Kapoeta,SS,2021-07-11 22:47:52,4.7717,33.5903,74.53,69,99,7.02
245,Maharajganj,IN,2021-07-11 22:47:53,27.1333,83.5667,78.31,88,95,8.84
246,Sitka,US,2021-07-11 22:47:53,57.0531,-135.33,60.69,59,40,14.97
247,Zheleznodorozhnyy,RU,2021-07-11 22:47:53,55.7503,38.0042,72.12,70,0,5.1
248,Fort Nelson,CA,2021-07-11 22:43:10,58.8053,-122.7002,74.79,29,40,11.5
249,Sistranda,NO,2021-07-11 22:47:53,63.7256,8.834,59.9,85,63,16.04
250,Bengkulu,ID,2021-07-11 22:47:54,-3.8004,102.2655,74.95,88,97,4.79
251,North Platte,US,2021-07-11 22:47:54,41.1239,-100.7654,81.32,39,20,3.0
252,Mayumba,GA,2021-07-11 22:47:54,-3.432,10.6554,73.15,90,80,6.31
253,Saint-Louis,SN,2021-07-11 22:47:55,16.3333,-15.0,87.44,58,100,15.19
254,Big Rapids,US,2021-07-11 22:47:55,43.6981,-85.4837,75.09,52,1,9.22
255,Aksu,CN,2021-07-11 22:47:55,41.1231,80.2644,76.28,38,92,3.36
256,Morehead,US,2021-07-11 22:47:56,37.2711,-87.1764,80.31,76,40,1.01
257,Kaputa,ZM,2021-07-11 22:47:56,-8.4689,29.6619,62.65,47,0,4.34
258,Tura,IN,2021-07-11 22:47:56,25.5198,90.2201,75.13,84,97,3.02
259,Port Keats,AU,2021-07-11 22:47:56,-14.25,129.55,71.46,24,50,9.19
260,Kiunga,PG,2021-07-11 22:47:57,-6.1219,141.2906,74.98,99,100,0.78
261,Madhugiri,IN,2021-07-11 22:47:57,13.6606,77.2092,69.66,86,100,14.61
262,San Jose,US,2021-07-11 22:47:52,37.3394,-121.895,98.46,41,5,7.63
263,Vila,PT,2021-07-11 22:47:57,42.0304,-8.1588,55.74,84,99,3.2
264,Duncan,US,2021-07-11 22:44:18,34.5023,-97.9578,88.02,46,1,9.22
265,Ixtapa,MX,2021-07-11 22:44:20,20.7,-105.2,89.22,66,40,13.8
266,Chunskiy,RU,2021-07-11 22:47:58,56.0815,99.6342,59.09,75,5,1.45
267,Ilulissat,GL,2021-07-11 22:47:58,69.2167,-51.1,48.22,57,58,6.91
268,Panjab,AF,2021-07-11 22:47:58,34.388,67.0233,55.92,47,1,5.21
269,Puurmani,EE,2021-07-11 22:47:59,58.5738,26.2878,64.62,95,8,3.27
270,Borgomanero,IT,2021-07-11 22:47:59,45.7024,8.4581,73.74,74,1,1.01
271,Grimshaw,CA,2021-07-11 22:47:59,56.1834,-117.6027,74.01,35,75,23.02
272,Iqaluit,CA,2021-07-11 22:47:59,63.7506,-68.5145,58.73,47,40,4.61
273,Yeppoon,AU,2021-07-11 22:48:00,-23.1333,150.7333,60.58,82,72,8.68
274,Kantabanji,IN,2021-07-11 22:48:00,20.4833,82.9167,77.97,83,50,6.51
275,Buala,SB,2021-07-11 22:48:00,-8.145,159.5921,84.0,70,86,8.25
276,Minna,NG,2021-07-11 22:48:00,9.6139,6.5569,80.31,83,0,2.3
277,Ingham,US,2021-07-11 22:48:01,42.6,-84.3833,71.24,83,90,8.05
278,Havoysund,NO,2021-07-11 22:48:01,70.9963,24.6622,59.88,80,4,11.81
279,Pecos,US,2021-07-11 22:48:01,31.4229,-103.4932,93.29,38,1,10.36
280,Koungou,YT,2021-07-11 22:48:02,-12.7336,45.2042,74.91,83,0,9.22
281,Nicoya,CR,2021-07-11 22:48:02,10.1483,-85.452,72.95,87,88,2.37
282,Vagur,FO,2021-07-11 22:48:02,61.4732,-6.8119,51.3,95,100,8.52
283,Bowen,AU,2021-07-11 22:48:03,-20.0167,148.2333,55.62,71,30,6.6
284,Aksarka,RU,2021-07-11 22:48:03,66.5606,67.7975,41.05,66,22,5.46
285,Valdosta,US,2021-07-11 22:48:03,30.8327,-83.2785,91.31,45,1,10.36
286,Nhulunbuy,AU,2021-07-11 22:48:03,-12.2333,136.7667,75.81,94,90,6.91
287,Avera,US,2021-07-11 22:48:04,33.194,-82.5271,83.91,53,81,8.66
288,Flinders,AU,2021-07-11 22:48:04,-34.5833,150.8552,49.37,96,100,4.21
289,Douentza,ML,2021-07-11 22:48:04,14.9951,-2.9517,86.34,48,46,3.71
290,Palana,RU,2021-07-11 22:48:04,59.1167,159.9667,50.09,72,100,0.63
291,Verkhoyansk,RU,2021-07-11 22:48:05,67.5447,133.385,47.03,90,100,7.34
292,Dingzhou,CN,2021-07-11 22:48:05,38.5131,114.9956,71.71,95,100,8.32
293,Komsomolskiy,UZ,2021-07-11 22:48:05,40.4272,71.7189,76.42,73,40,11.5
294,Borazjan,IR,2021-07-11 22:48:06,29.2666,51.2159,94.75,25,40,1.21
295,Arkhara,RU,2021-07-11 22:48:06,49.4212,130.0842,72.84,88,9,2.37
296,Yangliuqing,CN,2021-07-11 22:48:06,39.1375,116.9997,75.15,93,100,21.61
297,Lodja,CD,2021-07-11 22:48:07,-3.4833,23.4333,67.71,36,100,1.19
298,Milkovo,RU,2021-07-11 22:48:07,54.7167,158.6167,70.45,61,10,2.44
299,Lagoa,PT,2021-07-11 22:48:07,39.05,-27.9833,66.22,71,100,15.7
300,Shelburne,CA,2021-07-11 22:43:29,44.0787,-80.2041,70.29,82,100,6.13
301,Wao,PH,2021-07-11 22:48:07,7.6833,124.6833,68.81,87,79,1.81
302,Wronki,PL,2021-07-11 22:48:08,52.7105,16.3804,69.3,87,93,7.38
303,Airai,TL,2021-07-11 22:48:08,-8.9266,125.4092,58.68,51,98,4.18
304,Champasak,LA,2021-07-11 22:48:08,14.75,106.0,71.37,98,98,2.28
305,Kulhudhuffushi,MV,2021-07-11 22:48:08,6.6221,73.07,81.63,81,100,17.9
306,Pevek,RU,2021-07-11 22:48:09,69.7008,170.3133,55.85,75,19,16.15
307,Verkh-Usugli,RU,2021-07-11 22:48:09,52.7,115.1667,59.85,71,99,1.25
308,Gizo,SB,2021-07-11 22:48:09,-8.103,156.8419,82.6,75,100,7.74
309,Mandan,US,2021-07-11 22:47:57,46.8267,-100.8896,92.03,33,1,5.99
310,Maniitsoq,GL,2021-07-11 22:48:10,65.4167,-52.9,44.69,74,34,3.31
311,Belokurikha,RU,2021-07-11 22:48:10,51.9959,84.9896,58.51,91,69,5.66
312,Benguela,AO,2021-07-11 22:48:10,-12.5763,13.4055,68.14,88,2,3.49
313,Bulgan,MN,2021-07-11 22:48:11,48.8125,103.5347,59.9,91,95,1.41
314,Vardo,NO,2021-07-11 22:48:11,70.3705,31.1107,48.4,82,18,14.03
315,Zeya,RU,2021-07-11 22:48:11,53.75,127.2667,66.83,61,70,0.6
316,Polunochnoye,RU,2021-07-11 22:48:11,60.8697,60.4153,45.16,77,48,4.0
317,Mityana,UG,2021-07-11 22:48:12,0.4175,32.0228,64.81,74,100,1.81
318,San Jeronimo,PE,2021-07-11 22:48:12,-11.9472,-75.2829,50.74,74,94,5.19
319,Hiranagar,IN,2021-07-11 22:48:12,32.45,75.2667,82.04,78,61,9.6
320,Ensenada,MX,2021-07-11 22:48:13,31.8667,-116.6167,73.94,75,14,7.02
321,Brokopondo,SR,2021-07-11 22:48:13,4.75,-55.1667,77.54,86,89,9.78
322,Mar Del Plata,AR,2021-07-11 22:45:00,-38.0023,-57.5575,54.12,60,0,1.99
323,Gore,NZ,2021-07-11 22:48:13,-46.1028,168.9436,39.43,80,100,3.42
324,Bachaquero,VE,2021-07-11 22:48:13,9.9694,-71.1494,82.85,73,100,4.36
325,Nanchong,CN,2021-07-11 22:48:14,30.7951,106.0847,75.63,94,99,1.72
326,High Rock,BS,2021-07-11 22:48:14,26.6208,-78.2833,86.02,71,41,14.29
327,Kavieng,PG,2021-07-11 22:48:14,-2.5744,150.7967,82.33,78,89,13.31
328,Presidencia Roque Saenz Pena,AR,2021-07-11 22:48:15,-26.7852,-60.4388,74.77,39,96,7.16
329,Ilula,TZ,2021-07-11 22:48:15,-7.6766,36.0366,53.42,88,48,5.59
330,Bar Harbor,US,2021-07-11 22:48:15,44.3876,-68.2039,75.69,70,1,9.22
331,Naraina,IN,2021-07-11 22:48:15,26.7833,75.2,82.54,60,56,11.14
332,Nowy Targ,PL,2021-07-11 22:48:16,49.4778,20.0323,63.0,96,85,1.9
333,Isangel,VU,2021-07-11 22:48:16,-19.55,169.2667,77.11,88,75,3.44
334,Victoria,HK,2021-07-11 22:47:21,22.2855,114.1577,86.38,82,100,4.0
335,Aswan,EG,2021-07-11 22:48:16,24.0934,32.907,90.59,25,14,7.83
336,San Carlos De Bariloche,AR,2021-07-11 22:45:33,-41.1456,-71.3082,40.75,75,40,16.11
337,Akureyri,IS,2021-07-11 22:48:17,65.6835,-18.0878,53.53,82,20,9.22
338,San Vicente,AR,2021-07-11 22:48:17,-26.6167,-54.1333,60.04,72,2,2.66
339,Lompoc,US,2021-07-11 22:46:08,34.6391,-120.4579,99.01,60,1,14.97
340,Sakakah,SA,2021-07-11 22:48:17,29.9697,40.2064,94.57,18,2,18.45
341,Bambous Virieux,MU,2021-07-11 22:48:18,-20.3428,57.7575,70.05,78,75,14.97
342,Okhotsk,RU,2021-07-11 22:48:18,59.3833,143.3,53.65,94,100,5.79
343,Klyuchi,RU,2021-07-11 22:48:18,52.2667,79.1667,64.96,67,96,4.29
344,Viking,CA,2021-07-11 22:44:06,53.1001,-111.7684,76.96,42,98,11.52
345,Sursk,RU,2021-07-11 22:48:18,53.0754,45.6846,58.35,82,0,7.29
346,Ishigaki,JP,2021-07-11 22:48:19,24.3448,124.1572,82.53,89,75,3.44
347,Maba,CN,2021-07-11 22:48:19,24.6841,113.5984,79.95,87,92,2.98
348,Tripoli,LY,2021-07-11 22:44:58,32.8752,13.1875,76.77,71,0,6.31
349,Tazovskiy,RU,2021-07-11 22:48:19,67.4667,78.7,39.24,79,63,11.72
350,Raudeberg,NO,2021-07-11 22:48:20,61.9875,5.1352,62.2,86,42,15.79
351,Kutum,SD,2021-07-11 22:48:20,14.2,24.6667,77.94,51,72,3.56
352,Barra Do Garcas,BR,2021-07-11 22:44:16,-15.89,-52.2567,72.5,34,44,2.04
353,Ambilobe,MG,2021-07-11 22:48:20,-13.2,49.05,67.03,76,0,3.78
354,Narsaq,GL,2021-07-11 22:48:21,60.9167,-46.05,46.62,99,100,5.91
355,Ahipara,NZ,2021-07-11 22:48:21,-35.1667,173.1667,53.47,91,100,22.39
356,San Andres,CO,2021-07-11 22:48:21,12.5847,-81.7006,80.92,81,100,22.08
357,Goure,NE,2021-07-11 22:48:22,13.9835,10.2704,85.01,49,100,8.32
358,Port Macquarie,AU,2021-07-11 22:48:22,-31.4333,152.9167,52.9,74,93,2.15
359,Adrar,MR,2021-07-11 22:48:22,20.5022,-10.0711,89.49,32,9,2.1
360,Halifax,CA,2021-07-11 22:43:32,44.6453,-63.5724,73.29,80,100,1.99
361,Olafsvik,IS,2021-07-11 22:48:22,64.8945,-23.7142,54.16,89,87,8.61
362,Bucerias,MX,2021-07-11 22:45:16,20.75,-105.3333,89.98,66,40,13.8
363,Octeville,FR,2021-07-11 22:48:23,49.6261,-1.6435,60.93,72,90,8.05
364,Diban,SY,2021-07-11 22:48:23,35.0365,40.5167,89.58,28,0,10.51
365,Malanje,AO,2021-07-11 22:48:23,-9.5402,16.341,61.81,28,0,2.53
366,Poronaysk,RU,2021-07-11 22:48:24,49.2167,143.1167,69.42,78,16,6.17
367,Straumen,NO,2021-07-11 22:48:24,63.8709,11.2999,61.5,91,69,4.7
368,Yelizovo,RU,2021-07-11 22:48:24,53.1873,158.3805,68.14,60,0,2.24
369,Paceco,IT,2021-07-11 22:48:24,37.9787,12.5566,78.22,83,0,2.3
370,Taguisa,PH,2021-07-11 22:48:25,6.6983,124.0358,80.65,79,88,4.61
371,Lieksa,FI,2021-07-11 22:48:25,63.3167,30.0167,64.45,81,9,6.91
372,Yinchuan,CN,2021-07-11 22:48:25,38.4681,106.2731,75.52,47,47,7.43
373,Lucapa,AO,2021-07-11 22:48:25,-8.4192,20.7447,61.92,28,0,4.16
374,Nador,MA,2021-07-11 22:48:26,35.174,-2.9287,80.67,88,0,4.61
375,Tanout,NE,2021-07-11 22:48:26,14.9709,8.8879,86.74,36,100,5.14
376,Kuruman,ZA,2021-07-11 22:48:26,-27.4524,23.4325,52.0,31,0,9.91
377,Esna,EG,2021-07-11 22:48:27,25.2934,32.554,89.62,25,5,7.49
378,Geraldton,AU,2021-07-11 22:48:27,-28.7667,114.6,63.01,94,75,12.66
379,Husavik,IS,2021-07-11 22:48:27,66.0449,-17.3389,53.51,88,44,0.6
380,Zavyalovo,RU,2021-07-11 22:48:28,54.5053,82.4484,57.25,80,77,2.19
381,Dodge City,US,2021-07-11 22:48:28,37.7528,-100.0171,84.24,41,1,8.99
382,Lasa,IT,2021-07-11 22:48:28,46.6166,10.7002,63.48,90,12,2.24
383,Peleduy,RU,2021-07-11 22:48:29,59.6289,112.7406,65.95,50,44,3.06
384,Honningsvag,NO,2021-07-11 22:48:29,70.9821,25.9704,50.0,81,4,9.78
385,Cordele,US,2021-07-11 22:47:23,31.9635,-83.7824,90.95,78,40,0.0
386,Nioki,CD,2021-07-11 22:48:29,-2.7167,17.6833,78.12,35,44,2.44
387,Eureka,US,2021-07-11 22:46:12,40.8021,-124.1637,67.12,74,26,4.0
388,Kaeo,NZ,2021-07-11 22:48:29,-35.1,173.7833,54.32,97,100,26.13
389,Ewa Beach,US,2021-07-11 22:48:30,21.3156,-158.0072,84.15,52,40,20.0
390,Tyret Pervaya,RU,2021-07-11 22:48:30,53.6703,102.3106,58.1,81,26,1.74
391,Northam,GB,2021-07-11 22:48:30,51.0333,-4.2167,61.3,96,100,8.61
392,Iberia,US,2021-07-11 22:48:31,29.9502,-91.7507,88.99,66,40,6.91
393,Cascais,PT,2021-07-11 22:45:40,38.6979,-9.4215,66.47,70,7,8.01
394,Shimoda,JP,2021-07-11 22:48:31,34.6667,138.95,81.1,84,99,3.06
395,Gat,IL,2021-07-11 22:48:31,31.61,34.7642,80.4,100,0,1.88
396,Beidao,CN,2021-07-11 22:48:32,34.5686,105.8933,69.71,83,54,0.45
397,Kristianstad,SE,2021-07-11 22:48:32,56.0313,14.1524,62.94,97,90,1.01
398,Belaya Gora,RU,2021-07-11 22:48:32,68.5333,146.4167,42.75,91,100,19.98
399,Kannur,IN,2021-07-11 22:48:32,11.8675,75.3576,76.64,90,100,10.2
400,Hami,CN,2021-07-11 22:48:33,42.8,93.45,82.06,35,42,9.73
401,Tilichiki,RU,2021-07-11 22:48:33,60.4667,166.1,64.13,47,15,5.17
402,Ballina,AU,2021-07-11 22:48:33,-28.8667,153.5667,54.79,94,75,10.36
403,Coahuayana,MX,2021-07-11 22:48:34,18.7333,-103.6833,80.08,73,95,4.16
404,Santa Cruz,BO,2021-07-11 22:48:34,-17.8,-63.1667,78.85,57,40,10.36
405,Mount Isa,AU,2021-07-11 22:48:34,-20.7333,139.5,53.37,50,78,3.44
406,Puerto Narino,CO,2021-07-11 22:48:34,-3.7703,-70.3831,78.75,98,74,1.12
407,Tabory,RU,2021-07-11 22:48:35,58.5198,64.5495,44.35,78,4,5.55
408,Muravlenko,RU,2021-07-11 22:48:35,63.7898,74.523,52.0,68,92,9.33
409,Tongling,CN,2021-07-11 22:48:35,30.95,117.7833,81.01,78,91,4.59
410,Aklavik,CA,2021-07-11 22:48:36,68.2191,-135.0107,63.32,64,100,22.75
411,Virginia Beach,US,2021-07-11 22:48:36,36.8529,-75.978,86.07,76,75,6.91
412,Yumen,CN,2021-07-11 22:48:36,40.2833,97.2,73.04,38,0,4.27
413,Luderitz,NA,2021-07-11 22:48:36,-26.6481,15.1594,53.85,85,11,3.8
414,Evensk,RU,2021-07-11 22:48:37,61.95,159.2333,53.87,89,99,7.76
415,Vaitape,PF,2021-07-11 22:48:37,-16.5167,-151.75,80.11,77,22,16.73
416,Pandan,PH,2021-07-11 22:48:37,14.0453,124.1694,83.03,83,97,7.9
417,Boyolangu,ID,2021-07-11 22:48:37,-8.1181,111.8935,73.42,94,33,0.89
418,Leh,IN,2021-07-11 22:48:38,34.1667,77.5833,62.8,50,13,5.3
419,Paita,PE,2021-07-11 22:48:38,-5.0892,-81.1144,67.37,81,39,16.24
420,Pedernales,DO,2021-07-11 22:48:38,18.0384,-71.744,85.6,60,25,2.21
421,Helong,CN,2021-07-11 22:48:38,42.5397,128.9972,72.79,85,5,3.2
422,Kongolo,CD,2021-07-11 22:48:39,-5.3833,27.0,70.57,32,7,3.74
423,Mvangue,CM,2021-07-11 22:48:39,2.9667,11.5167,66.36,99,71,3.33
424,Spearfish,US,2021-07-11 22:48:39,44.4908,-103.8594,92.01,26,1,3.0
425,Walvis Bay,NA,2021-07-11 22:48:40,-22.9575,14.5053,57.09,87,0,6.91
426,Salinopolis,BR,2021-07-11 22:48:40,-0.6136,-47.3561,79.54,81,84,12.41
427,Chapais,CA,2021-07-11 22:48:40,49.7834,-74.8492,71.38,35,3,6.35
428,Amreli,IN,2021-07-11 22:48:41,21.6167,71.2333,81.07,83,88,13.02
429,Vilhena,BR,2021-07-11 22:48:41,-12.7406,-60.1458,79.02,36,0,5.75
430,Souillac,MU,2021-07-11 22:48:41,-20.5167,57.5167,70.18,78,75,14.97
431,Qinzhou,CN,2021-07-11 22:48:42,21.95,108.6167,81.77,82,100,5.19
432,Comodoro Rivadavia,AR,2021-07-11 22:48:42,-45.8667,-67.5,49.86,27,0,32.21
433,Tengushevo,RU,2021-07-11 22:48:42,54.7686,42.7189,59.47,77,0,6.26
434,Betul,IN,2021-07-11 22:48:42,21.9153,77.8961,77.79,78,93,7.2
435,Saldanha,ZA,2021-07-11 22:48:43,-33.0117,17.9442,48.25,89,6,10.78
436,Yar-Sale,RU,2021-07-11 22:48:43,66.8333,70.8333,43.7,59,76,9.84
437,Nargana,PA,2021-07-11 22:48:43,9.4428,-78.5906,81.45,81,65,8.68
438,Broken Hill,AU,2021-07-11 22:48:44,-31.95,141.4333,53.31,37,49,11.5
439,Isiro,CD,2021-07-11 22:48:44,2.7739,27.616,65.16,97,100,0.09
440,Stephenville,US,2021-07-11 22:48:44,32.2207,-98.2023,90.18,59,40,4.61
441,Mahajanga,MG,2021-07-11 22:48:44,-15.7167,46.3167,73.42,56,20,6.91
442,Grandview,US,2021-07-11 22:48:45,38.8858,-94.533,71.98,85,90,1.99
443,Puerto Colombia,CO,2021-07-11 22:48:45,10.9878,-74.9547,80.69,84,100,17.78
444,Camacha,PT,2021-07-11 22:48:45,33.0833,-16.3333,74.16,78,40,12.66
445,Ecija,ES,2021-07-11 22:48:45,37.5422,-5.0826,87.58,56,11,9.13
446,Mehamn,NO,2021-07-11 22:48:46,71.0357,27.8492,49.51,78,5,9.33
447,Fukuma,JP,2021-07-11 22:48:46,33.7667,130.4667,82.29,86,100,7.27
448,Urumqi,CN,2021-07-11 22:48:13,43.801,87.6005,61.75,94,90,6.71
449,Zhemtala,RU,2021-07-11 22:48:46,43.2841,43.6559,64.04,69,73,6.69
450,Lakes Entrance,AU,2021-07-11 22:48:47,-37.8811,147.981,45.18,68,99,5.55
451,Payo,ID,2021-07-11 22:48:47,-3.7508,103.6372,70.68,99,81,1.99
452,Impfondo,CG,2021-07-11 22:48:47,1.6381,18.0667,72.54,86,85,2.39
453,Marsh Harbour,BS,2021-07-11 22:48:48,26.5412,-77.0636,82.26,73,40,15.03
454,Koygorodok,RU,2021-07-11 22:48:48,60.445,50.9968,53.19,78,1,3.71
455,Kokkinokhoma,GR,2021-07-11 22:48:48,40.9333,24.3,76.68,53,27,5.55
456,Amapa,BR,2021-07-11 22:48:48,1.0,-52.0,73.87,89,85,2.89
457,Goussainville,FR,2021-07-11 22:48:49,49.032,2.474,65.53,81,0,9.22
458,Misratah,LY,2021-07-11 22:48:49,32.3754,15.0925,79.0,69,0,12.08
459,Viedma,AR,2021-07-11 22:48:49,-40.8135,-62.9967,48.78,48,0,8.39
460,Balkanabat,TM,2021-07-11 22:48:49,39.5108,54.3671,85.17,30,0,3.96
461,Lagos,NG,2021-07-11 22:45:42,6.5833,3.75,80.92,84,95,5.03
462,Padang,ID,2021-07-11 22:43:50,-0.9492,100.3543,77.63,87,98,4.47
463,Huarmey,PE,2021-07-11 22:48:50,-10.0681,-78.1522,66.49,79,25,6.35
464,Narsingi,IN,2021-07-11 22:48:50,18.0333,78.4333,74.68,94,100,7.34
465,Cairns,AU,2021-07-11 22:48:50,-16.9167,145.7667,73.06,74,90,10.36
466,Tulum,MX,2021-07-11 22:44:51,20.2167,-87.4667,86.99,73,39,8.21
467,Nome,US,2021-07-11 22:48:51,64.5011,-165.4064,59.16,76,1,11.5
468,Brumadinho,BR,2021-07-11 22:48:51,-20.1433,-44.1997,69.08,49,5,3.27
469,Sur,OM,2021-07-11 22:48:51,22.5667,59.5289,89.02,61,67,3.94
470,Syamzha,RU,2021-07-11 22:48:52,60.0158,41.0614,61.57,75,6,4.63
471,Manavalakurichi,IN,2021-07-11 22:48:52,8.1333,77.3,77.09,86,100,17.94
472,Angoche,MZ,2021-07-11 22:48:52,-16.2325,39.9086,72.1,85,21,9.46
473,Jiamusi,CN,2021-07-11 22:48:52,46.8333,130.35,77.83,74,75,5.03
474,Vila Velha,BR,2021-07-11 22:47:18,-20.3297,-40.2925,69.75,83,0,0.0
475,Colotlan,MX,2021-07-11 22:48:53,22.1,-103.2667,69.08,69,100,2.01
476,Fjerritslev,DK,2021-07-11 22:48:53,57.0813,9.2664,58.89,81,2,1.12
477,Inirida,CO,2021-07-11 22:48:53,3.8653,-67.9239,75.67,96,84,2.3
478,Ust-Kuyga,RU,2021-07-11 22:48:54,70.0167,135.6,42.89,63,100,8.52
479,Vila Franca Do Campo,PT,2021-07-11 22:48:54,37.7167,-25.4333,66.61,78,53,9.64
480,Batemans Bay,AU,2021-07-11 22:48:54,-35.7167,150.1833,49.19,80,100,4.36
481,Trinidad,BO,2021-07-11 22:48:54,-14.8333,-64.9,84.18,65,2,0.0
482,Inhambane,MZ,2021-07-11 22:48:55,-23.865,35.3833,65.05,74,0,5.03
483,Herxheim,DE,2021-07-11 22:48:55,49.1472,8.2132,65.86,84,59,1.9
484,Davila,PH,2021-07-11 22:48:55,18.4726,120.5763,78.78,74,94,4.99
485,Dawlatabad,AF,2021-07-11 22:48:56,36.4141,64.9053,79.3,30,0,4.83
486,Kati,ML,2021-07-11 22:48:56,12.7441,-8.0726,74.61,74,62,3.91
487,Mugumu,TZ,2021-07-11 22:48:56,-1.85,34.7,64.29,61,100,5.35
488,Mashhad,IR,2021-07-11 22:48:56,36.297,59.6062,75.34,43,0,0.0
489,Fuerte Olimpo,PY,2021-07-11 22:48:57,-21.0415,-57.8738,76.03,30,0,5.35
490,San Gennaro Vesuviano,IT,2021-07-11 22:48:57,40.8589,14.525,76.32,68,0,4.61
491,Along,IN,2021-07-11 22:48:57,28.1667,94.7667,73.51,86,69,1.03
492,Great Yarmouth,GB,2021-07-11 22:48:58,52.6083,1.7305,62.02,86,98,6.8
493,Axim,GH,2021-07-11 22:48:58,4.8699,-2.2405,75.7,81,36,7.47
494,Elko,US,2021-07-11 22:45:14,41.0002,-115.5012,99.64,4,7,8.01
495,Saint-Georges,GD,2021-07-11 22:47:58,12.0564,-61.7485,78.48,89,75,17.27
496,Half Moon Bay,US,2021-07-11 22:48:58,37.4636,-122.4286,96.12,64,20,12.66
497,Iskateley,RU,2021-07-11 22:48:59,67.6803,53.1512,37.33,93,7,8.25
498,Truth Or Consequences,US,2021-07-11 22:48:59,33.1284,-107.2528,97.03,26,1,16.11
499,Burley,US,2021-07-11 22:48:59,42.5357,-113.7928,96.71,24,1,6.91
500,Salisbury,GB,2021-07-11 22:48:59,51.0693,-1.7957,59.29,93,75,2.3
501,Haimen,CN,2021-07-11 22:49:00,23.1935,116.6142,82.29,83,100,4.38
502,Bagdarin,RU,2021-07-11 22:49:00,54.4333,113.6,56.86,96,100,0.4
503,Hirara,JP,2021-07-11 22:49:00,24.8,125.2833,84.47,84,75,3.44
504,Kobayashi,JP,2021-07-11 22:49:01,31.9833,130.9833,78.3,85,100,4.05
505,Saint George,US,2021-07-11 22:45:05,37.1041,-113.5841,113.47,13,1,4.0
506,Teutonia,BR,2021-07-11 22:49:01,-29.4481,-51.8064,64.78,92,0,1.01
507,Vieste,IT,2021-07-11 22:49:01,41.8825,16.175,75.7,61,16,5.73
508,Pitimbu,BR,2021-07-11 22:49:01,-7.4706,-34.8086,75.79,84,10,10.89
509,Shurugwi,ZW,2021-07-11 22:49:02,-19.6702,30.0059,47.26,56,0,2.33
510,Mantua,IT,2021-07-11 22:49:02,45.1667,10.7833,77.32,83,16,3.74
511,Tromso,NO,2021-07-11 22:49:02,69.6496,18.957,63.25,82,75,5.75
512,Sambava,MG,2021-07-11 22:49:03,-14.2667,50.1667,69.62,88,26,11.65
513,Ban Dung,TH,2021-07-11 22:49:03,17.699,103.2596,78.12,99,5,4.85
514,Rudbar,AF,2021-07-11 22:49:03,30.15,62.6,86.97,26,0,9.46
515,Araouane,ML,2021-07-11 22:49:03,18.9048,-3.5265,88.84,42,100,4.74
516,Baykit,RU,2021-07-11 22:49:04,61.67,96.37,60.04,87,91,2.59
517,Nikita,UA,2021-07-11 22:49:04,44.5333,34.2333,68.74,56,2,9.06
518,Dapaong,TG,2021-07-11 22:49:04,10.8639,0.205,80.91,64,100,4.47
519,Mamakan,RU,2021-07-11 22:49:05,57.8161,114.0028,60.3,89,100,1.43
520,Irbil,IQ,2021-07-11 22:49:05,36.1926,44.0106,87.62,18,0,4.61
521,Tautira,PF,2021-07-11 22:49:05,-17.7333,-149.15,80.62,76,31,18.37
522,Kalianget,ID,2021-07-11 22:49:05,-7.05,113.9333,82.18,69,53,14.12
523,Asfi,MA,2021-07-11 22:49:06,32.2994,-9.2372,77.77,62,98,5.32
524,Vilcun,CL,2021-07-11 22:49:06,-38.65,-72.2333,43.54,95,23,1.39
525,Parfenyevo,RU,2021-07-11 22:49:06,58.484,43.4088,58.01,74,3,1.63
526,Mukono,UG,2021-07-11 22:49:06,0.3533,32.7553,67.37,69,99,0.83
527,Acapulco,MX,2021-07-11 22:47:35,16.8634,-99.8901,89.42,62,20,11.5
528,Alofi,NU,2021-07-11 22:49:07,-19.0595,-169.9187,80.49,83,6,10.36
529,Kudat,MY,2021-07-11 22:49:07,6.8837,116.8477,75.29,100,20,0.0
530,Sehore,IN,2021-07-11 22:49:07,23.2,77.0833,83.84,64,100,6.53
531,Monteagudo,BO,2021-07-11 22:49:08,-19.8167,-63.9833,74.98,76,19,4.56
532,Poum,NC,2021-07-11 22:49:08,-20.2333,164.0167,71.53,64,94,16.37
533,Paamiut,GL,2021-07-11 22:49:08,61.994,-49.6678,43.07,95,100,5.57
534,Baker City,US,2021-07-11 22:49:08,44.7749,-117.8344,96.93,15,1,12.66
535,Shebunino,RU,2021-07-11 22:49:09,46.4339,141.8603,65.84,93,96,7.14
536,Koungheul,SN,2021-07-11 22:49:09,13.9833,-14.8,85.48,57,100,11.99
537,Carutapera,BR,2021-07-11 22:49:09,-1.195,-46.02,76.59,90,96,7.14
538,Salgueiro,BR,2021-07-11 22:49:10,-8.0742,-39.1192,75.81,60,98,16.13
539,Antofagasta,CL,2021-07-11 22:49:10,-23.65,-70.4,60.08,84,27,1.57
540,Menongue,AO,2021-07-11 22:49:10,-14.6585,17.691,48.96,37,0,3.94
541,Bariri,BR,2021-07-11 22:49:10,-22.0744,-48.7403,73.65,43,0,3.56
542,Rio Grande,BR,2021-07-11 22:44:43,-32.035,-52.0986,55.94,77,1,8.77
543,Ilhabela,BR,2021-07-11 22:49:11,-23.7781,-45.3581,65.66,89,1,3.38
544,Bekovo,RU,2021-07-11 22:49:11,52.4663,43.712,63.45,69,6,6.93
545,Faanui,PF,2021-07-11 22:49:11,-16.4833,-151.75,80.19,77,23,16.69
546,Pechenga,RU,2021-07-11 22:49:11,69.5259,31.1703,54.46,79,92,3.58
547,Redmond,US,2021-07-11 22:49:12,47.674,-122.1215,86.99,49,0,1.01
548,Skibotn,NO,2021-07-11 22:49:12,69.3913,20.2679,56.46,83,100,8.32
549,Rayadrug,IN,2021-07-11 22:49:12,14.7,76.8667,72.79,80,100,20.78
550,Maragogi,BR,2021-07-11 22:49:13,-9.0122,-35.2225,74.62,86,17,8.43
551,Roscrea,IE,2021-07-11 22:49:13,52.9511,-7.8017,57.67,94,100,4.38
552,Tingo Maria,PE,2021-07-11 22:49:13,-9.2895,-76.0088,69.57,96,40,1.32
553,Roma,US,2021-07-11 22:49:13,43.2128,-75.4557,69.94,88,75,6.91
554,Zhigalovo,RU,2021-07-11 22:49:14,54.8097,105.1578,57.31,88,2,0.72
555,Banes,CU,2021-07-11 22:49:14,20.9625,-75.7186,86.61,78,100,14.05
556,Caucaia,BR,2021-07-11 22:49:14,-3.7361,-38.6531,81.03,77,0,9.22
557,Alassio,IT,2021-07-11 22:49:15,44.0039,8.1671,74.41,81,0,1.01
558,Dombarovskiy,RU,2021-07-11 22:49:15,50.7587,59.5386,59.54,91,7,8.21
559,Kosonsoy,UZ,2021-07-11 22:49:15,41.2561,71.5508,72.16,75,97,5.93
560,Kununurra,AU,2021-07-11 22:49:16,-15.7667,128.7333,57.18,82,36,0.0
561,Haines Junction,CA,2021-07-11 22:49:16,60.7522,-137.5108,55.35,54,100,6.91
562,Djambala,CG,2021-07-11 22:49:16,-2.5447,14.7533,73.56,52,1,5.66
563,Awbari,LY,2021-07-11 22:49:16,26.5921,12.7805,89.92,15,0,6.69
564,Naryan-Mar,RU,2021-07-11 22:49:17,67.6713,53.087,37.44,93,7,8.25
565,Nieuw Amsterdam,SR,2021-07-11 22:49:17,5.8833,-55.0833,77.02,93,20,0.0
566,Peniche,PT,2021-07-11 22:49:18,39.3558,-9.3811,65.75,88,55,19.75
567,Aksum,ET,2021-07-11 22:49:18,14.1245,38.7244,58.8,91,80,4.5
568,Miri,MY,2021-07-11 22:49:18,4.4148,114.0089,75.34,100,40,0.0
569,Batagay-Alyta,RU,2021-07-11 22:49:18,67.8006,130.4114,40.44,89,100,3.49
570,Gafanha Da Encarnacao,PT,2021-07-11 22:49:19,40.6181,-8.733,62.28,75,90,5.01
571,Timizart,DZ,2021-07-11 22:49:19,36.8,4.2667,87.8,24,35,5.82
572,Abha,SA,2021-07-11 22:49:19,18.2164,42.5053,71.42,60,0,0.0
573,Necochea,AR,2021-07-11 22:49:20,-38.5473,-58.7368,54.03,54,1,10.04
574,Asau,RO,2021-07-11 22:49:20,46.4333,26.4,65.39,92,92,4.16
575,Port Augusta,AU,2021-07-11 22:49:20,-32.5,137.7667,46.71,87,13,4.94
576,Lebanon,US,2021-07-11 22:46:22,36.2081,-86.2911,82.92,85,20,5.75
577,Nouadhibou,MR,2021-07-11 22:49:20,20.931,-17.0347,67.98,94,0,9.22
578,Leninskoye,KZ,2021-07-11 22:49:21,41.7589,69.3864,73.33,34,0,3.67
579,Pisco,PE,2021-07-11 22:49:21,-13.7,-76.2167,64.02,82,20,6.91
580,Baherden,TM,2021-07-11 22:49:21,38.4362,57.4316,81.88,28,67,2.13
581,The Pas,CA,2021-07-11 22:49:21,53.8251,-101.2541,78.82,53,90,6.91
582,Sevierville,US,2021-07-11 22:49:22,35.8681,-83.5618,88.09,61,1,8.05
583,Quatre Cocos,MU,2021-07-11 22:49:22,-20.2078,57.7625,69.91,64,66,16.98
584,Pacific Grove,US,2021-07-11 22:49:22,36.6177,-121.9166,95.61,86,38,1.99
585,Harper,LR,2021-07-11 22:49:23,4.375,-7.7169,76.1,80,28,8.81
586,Athabasca,CA,2021-07-11 22:45:14,54.7169,-113.2854,74.23,28,18,20.04
587,Kuusamo,FI,2021-07-11 22:49:23,65.9667,29.1833,64.44,94,93,6.91
588,Pathein,MM,2021-07-11 22:49:23,16.7833,94.7333,76.68,92,89,5.48
589,Teknaf,BD,2021-07-11 22:49:24,20.8624,92.3058,80.74,87,98,7.36
590,Hinundayan,PH,2021-07-11 22:49:24,10.3523,125.2506,82.38,77,32,1.25
591,Chicama,PE,2021-07-11 22:49:24,-7.8447,-79.1469,66.74,75,25,6.78
592,Mareeba,AU,2021-07-11 22:49:24,-17.0,145.4333,68.43,78,94,3.51
593,Beloha,MG,2021-07-11 22:49:25,-25.1667,45.05,62.55,89,0,4.36
594,Phan Thiet,VN,2021-07-11 22:49:25,10.9333,108.1,77.54,85,80,5.82
595,Plymouth,US,2021-07-11 22:48:55,41.8334,-70.8328,76.08,80,75,8.05
596,San Cristobal,VE,2021-07-11 22:49:25,7.7669,-72.225,77.18,78,96,3.15
597,Plattsburgh,US,2021-07-11 22:49:26,44.6995,-73.4529,78.08,60,100,3.36
598,Sisimiut,GL,2021-07-11 22:49:26,66.9395,-53.6735,47.62,62,78,8.93
599,Bethanien,NA,2021-07-11 22:49:26,-26.502,17.1583,57.42,32,28,9.31
600,Erzin,TR,2021-07-11 22:49:26,36.9559,36.2,79.52,77,0,0.98
601,Shelopugino,RU,2021-07-11 22:49:27,51.6514,117.5599,64.92,67,100,3.53
602,Kaa-Khem,RU,2021-07-11 22:49:27,51.6833,94.7333,64.29,61,67,0.43
603,Rampura,IN,2021-07-11 22:49:27,30.25,75.2333,87.98,62,56,14.34
604,Coos Bay,US,2021-07-11 22:47:28,43.3665,-124.2179,94.86,81,75,27.63
605,Beira,MZ,2021-07-11 22:49:28,-19.8436,34.8389,71.69,83,0,5.99
606,Porto Novo,BJ,2021-07-11 22:49:28,6.4965,2.6036,78.62,83,53,7.72
607,Dwarka,IN,2021-07-11 22:49:28,22.2394,68.9678,83.5,79,100,16.4
608,Olinda,BR,2021-07-11 22:49:28,-8.0089,-34.8553,71.33,88,90,12.66
609,Xichang,CN,2021-07-11 22:49:29,27.8964,102.2634,68.9,89,99,1.63
610,Akyab,MM,2021-07-11 22:49:29,20.15,92.9,81.36,85,96,13.49
611,Port-Gentil,GA,2021-07-11 22:49:29,-0.7193,8.7815,76.96,88,40,6.91
612,Atambua,ID,2021-07-11 22:49:30,-9.1061,124.8925,69.8,74,100,5.66
613,Ust-Shonosha,RU,2021-07-11 22:49:30,61.1531,41.343,62.53,80,68,5.44
614,Hualmay,PE,2021-07-11 22:49:30,-11.0964,-77.6139,64.96,79,46,6.51
615,Kieta,PG,2021-07-11 22:49:30,-6.2167,155.6333,82.45,77,79,5.37
616,Ballitoville,ZA,2021-07-11 22:49:31,-29.539,31.2144,60.24,87,90,1.14
617,Jaypur,IN,2021-07-11 22:49:31,18.85,82.5833,74.14,89,61,2.1
618,Mogadouro,PT,2021-07-11 22:49:31,41.3403,-6.7119,63.79,59,57,8.66
619,Beterou,BJ,2021-07-11 22:49:31,9.1992,2.2586,73.99,89,86,3.74
620,Agadez,NE,2021-07-11 22:49:32,19.75,10.25,91.29,12,3,11.81
621,Jumla,NP,2021-07-11 22:49:32,29.2747,82.1838,61.77,96,100,3.29
622,Severo-Zadonsk,RU,2021-07-11 22:49:32,54.0348,38.4017,64.26,77,0,6.76
623,Zabaykalsk,RU,2021-07-11 22:49:33,49.6333,117.3167,66.24,66,94,10.42
624,Coihaique,CL,2021-07-11 22:49:33,-45.5752,-72.0662,40.95,65,75,10.36
625,Tomatlan,MX,2021-07-11 22:46:08,19.9333,-105.25,83.75,72,89,5.21
626,Alyangula,AU,2021-07-11 22:49:33,-13.8483,136.4192,66.07,100,90,1.14
627,Oussouye,SN,2021-07-11 22:49:33,12.485,-16.5469,82.58,77,99,7.27
628,Jalu,LY,2021-07-11 22:49:34,29.0331,21.5482,80.78,64,0,13.02
629,Daoukro,CI,2021-07-11 22:49:34,7.0591,-3.9631,72.48,89,77,4.03
630,Carahue,CL,2021-07-11 22:49:34,-38.7,-73.1667,46.6,94,52,1.95
631,Bandarbeyla,SO,2021-07-11 22:49:35,9.4942,50.8122,77.25,77,8,28.32
632,Channel-Port Aux Basques,CA,2021-07-11 22:45:09,47.5702,-59.1367,58.19,83,63,6.4
633,Ransang,PH,2021-07-11 22:49:35,8.9603,117.5828,79.92,84,96,3.27
634,Sioux Lookout,CA,2021-07-11 22:49:35,50.1001,-91.917,80.98,57,1,5.75
635,Noumea,NC,2021-07-11 22:45:43,-22.2763,166.4572,71.01,99,34,8.59
636,Faro,PT,2021-07-11 22:48:32,37.0194,-7.9322,73.18,83,0,6.91
637,Cayhagan,PH,2021-07-11 22:49:36,9.6697,122.4256,80.24,82,100,3.42
638,Normandin,CA,2021-07-11 22:49:36,48.8333,-72.5321,71.73,56,48,4.61
639,Danielskuil,ZA,2021-07-11 22:49:36,-28.1887,23.5395,49.89,29,4,11.41
640,Abay,KZ,2021-07-11 22:49:37,49.6311,72.8539,44.98,66,10,5.1
641,Konya,TR,2021-07-11 22:49:37,38.1667,32.5,67.48,32,0,3.31
642,Mandalgovi,MN,2021-07-11 22:47:55,45.7625,106.2708,70.88,58,99,6.67
643,Vostok,RU,2021-07-11 22:49:37,46.4856,135.8833,71.1,78,99,1.54
644,Ulaangom,MN,2021-07-11 22:49:37,49.9811,92.0667,61.14,66,47,4.03
645,Jizan,SA,2021-07-11 22:49:38,17.3333,42.6667,92.34,59,91,6.49
646,Vanavara,RU,2021-07-11 22:49:38,60.34,102.2797,61.09,67,57,3.38
647,Coquimbo,CL,2021-07-11 22:49:38,-29.9533,-71.3436,55.13,82,90,5.75
648,Gamba,GA,2021-07-11 22:49:39,-2.65,10.0,74.21,89,87,6.26
649,Chilca,PE,2021-07-11 22:49:39,-12.5211,-76.7372,64.56,82,94,6.58
650,Qaqortoq,GL,2021-07-11 22:49:39,60.7167,-46.0333,46.9,99,100,4.0
651,Pendleton,US,2021-07-11 22:49:39,45.6721,-118.7886,99.43,15,1,1.99
652,Fuyang,CN,2021-07-11 22:49:40,32.9,115.8167,83.53,73,96,13.8
653,Puerto Leguizamo,CO,2021-07-11 22:49:40,-0.1934,-74.7819,72.14,97,96,1.45
654,Morondava,MG,2021-07-11 22:49:40,-20.2833,44.2833,70.56,59,0,11.43
655,Nyagan,RU,2021-07-11 22:49:41,62.1406,65.3936,51.48,63,75,4.07
656,Prince Rupert,CA,2021-07-11 22:49:15,54.3161,-130.3201,62.69,81,1,8.05
657,Pundaguitan,PH,2021-07-11 22:49:41,6.3711,126.1689,82.76,74,91,6.2
658,Roros,NO,2021-07-11 22:49:41,62.5747,11.3842,49.84,100,20,1.14
659,Samarai,PG,2021-07-11 22:49:42,-10.6167,150.6667,79.86,84,66,13.76
660,Puerto Maldonado,PE,2021-07-11 22:49:42,-12.6,-69.1833,79.32,64,86,1.7
661,San Esteban,HN,2021-07-11 22:49:42,15.2,-85.75,71.71,95,100,4.05
662,Jyvaskyla,FI,2021-07-11 22:49:42,62.2415,25.7209,64.74,82,0,5.75
663,Saquarema,BR,2021-07-11 22:49:43,-22.92,-42.5103,71.62,87,0,5.75
664,Duku,NG,2021-07-11 22:49:43,11.2361,4.9073,80.2,67,59,3.67
665,Kloulklubed,PW,2021-07-11 22:49:43,7.0419,134.2556,79.3,73,100,10.49
666,Batticaloa,LK,2021-07-11 22:47:58,7.7102,81.6924,79.9,70,94,6.93
667,Santa Cruz De Tenerife,ES,2021-07-11 22:49:44,28.4682,-16.2546,86.59,78,20,1.14
668,Saint-Augustin,CA,2021-07-11 22:46:32,51.226,-58.6502,57.29,95,100,4.5
669,Pahrump,US,2021-07-11 22:49:30,36.2083,-115.9839,114.85,9,19,1.99
670,Adamas,GR,2021-07-11 22:49:44,36.7333,24.4333,76.42,69,0,13.69
671,Takoradi,GH,2021-07-11 22:49:44,4.8845,-1.7554,75.51,83,34,8.23
672,Japura,ID,2021-07-11 22:49:45,-0.3167,102.35,72.23,99,93,1.61
673,Whittlesea,ZA,2021-07-11 22:49:45,-32.1759,26.8244,47.21,39,0,5.1
674,Elat,IL,2021-07-11 22:49:45,29.5581,34.9482,89.44,45,0,11.5
675,Eirunepe,BR,2021-07-11 22:49:45,-6.6603,-69.8736,79.66,61,88,1.14
676,Sao Miguel Do Araguaia,BR,2021-07-11 22:49:46,-13.275,-50.1628,77.16,30,54,3.96
677,Nogales,MX,2021-07-11 22:44:52,31.3086,-110.9422,99.36,28,1,8.05
678,Goderich,CA,2021-07-11 22:45:15,43.7501,-81.7165,73.2,64,100,8.05
679,Bela,IN,2021-07-11 22:49:46,25.9333,81.9833,82.31,81,100,11.05
680,Roebourne,AU,2021-07-11 22:49:46,-20.7833,117.1333,67.15,71,24,1.05
681,Rongcheng,CN,2021-07-11 22:49:47,30.634,117.8517,80.94,79,90,4.61
682,Bakel,SN,2021-07-11 22:49:47,14.905,-12.4568,79.39,77,100,9.73
683,Monbon,PH,2021-07-11 22:49:47,12.7307,124.0189,79.12,90,97,4.72
684,Boffa,GN,2021-07-11 22:49:47,10.1667,-14.0333,76.73,88,100,2.86
685,Sinegorye,RU,2021-07-11 22:49:48,62.0788,150.477,65.37,59,36,13.11
686,Wanxian,CN,2021-07-11 22:49:48,30.8039,108.3897,77.23,94,83,2.48
687,Hailar,CN,2021-07-11 22:49:48,49.2,119.7,66.72,62,4,7.56
688,Saint-Jean-De-Maurienne,FR,2021-07-11 22:49:49,45.1667,6.5833,48.69,56,5,3.29
689,Ryotsu,JP,2021-07-11 22:49:49,38.0833,138.4333,75.16,89,12,9.26
690,Gachala,CO,2021-07-11 22:49:49,4.6924,-73.5204,76.75,97,99,1.05
691,Tadine,NC,2021-07-11 22:49:49,-21.55,167.8833,71.82,62,99,12.77
692,Rupert,US,2021-07-11 22:49:50,42.6191,-113.6772,96.69,24,1,6.91
693,Llangefni,GB,2021-07-11 22:49:50,53.2556,-4.3106,60.73,97,75,9.22
694,Zonguldak,TR,2021-07-11 22:49:50,41.25,31.8333,60.22,90,0,4.09
695,Pacifica,US,2021-07-11 22:44:55,37.6138,-122.4869,97.27,80,59,1.99
696,Borogontsy,RU,2021-07-11 22:49:51,62.6683,131.1683,54.84,68,100,4.83
697,Ypsonas,CY,2021-07-11 22:49:51,34.6884,32.9574,77.97,89,0,13.8
698,Hellendoorn,NL,2021-07-11 22:49:51,52.3902,6.448,66.04,92,76,5.08
699,Cuenca,EC,2021-07-11 22:49:51,-2.8833,-78.9833,64.53,52,75,11.5
700,Chastre,BE,2021-07-11 22:49:52,50.6009,4.6299,62.46,90,98,4.9
701,Havre-Saint-Pierre,CA,2021-07-11 22:49:52,50.2334,-63.5986,57.56,88,90,9.22
702,Whitehorse,CA,2021-07-11 22:46:40,60.7161,-135.0538,58.01,47,90,16.11
703,Cravo Norte,CO,2021-07-11 22:49:52,6.3017,-70.2041,76.46,88,88,6.04
704,Wattegama,LK,2021-07-11 22:49:53,6.7989,81.4808,74.7,80,94,5.3
705,Mackay,AU,2021-07-11 22:49:53,-21.15,149.2,64.69,88,75,5.75
706,Lata,PT,2021-07-11 22:49:53,40.1629,-8.3327,65.05,85,56,6.85
707,Rabo De Peixe,PT,2021-07-11 22:49:53,37.8,-25.5833,65.71,72,40,9.22
708,Aljezur,PT,2021-07-11 22:49:54,37.3191,-8.8033,63.61,92,9,13.87
709,Ushtobe,KZ,2021-07-11 22:49:54,45.2514,77.9838,70.0,44,34,10.42
710,Kushmurun,KZ,2021-07-11 22:49:54,52.4503,64.6311,58.82,91,100,20.31
711,Saint-Francois,FR,2021-07-11 22:49:55,46.4154,3.9054,64.18,82,0,2.3
712,Lashio,MM,2021-07-11 22:49:55,22.9333,97.75,66.85,98,38,1.59
713,Trofors,NO,2021-07-11 22:49:55,65.5333,13.4063,58.35,91,98,4.32
714,Simao,CN,2021-07-11 22:49:55,22.7886,100.9748,63.93,97,60,1.99
715,Waingapu,ID,2021-07-11 22:49:56,-9.6567,120.2641,74.82,83,90,8.79
716,Manzhouli,CN,2021-07-11 22:49:56,49.6,117.4333,66.11,66,97,8.72
717,Senno,RU,2021-07-11 22:49:56,59.5336,33.9167,63.27,87,49,4.47
718,Sawakin,SD,2021-07-11 22:49:57,19.1059,37.3321,89.11,45,9,4.09
719,Wenling,CN,2021-07-11 22:49:57,28.3669,121.36,82.9,91,100,12.37
720,Port Hardy,CA,2021-07-11 22:46:40,50.6996,-127.4199,64.58,68,20,16.11
721,Karwar,IN,2021-07-11 22:49:57,14.8,74.1333,77.14,87,100,13.02
722,Basoko,CD,2021-07-11 22:49:57,1.2391,23.616,71.87,94,100,3.36
723,Lerwick,GB,2021-07-11 22:49:58,60.1545,-1.1494,57.2,95,99,7.18
724,Warrnambool,AU,2021-07-11 22:49:58,-38.3833,142.4833,50.81,65,53,22.06
725,Novozavidovskiy,RU,2021-07-11 22:49:58,56.55,36.4333,63.57,78,0,4.45
726,Taoudenni,ML,2021-07-11 22:49:59,22.6783,-3.9836,92.73,34,54,5.66
727,Medea,DZ,2021-07-11 22:49:59,36.2642,2.7539,70.25,16,93,6.24
728,Gwadar,PK,2021-07-11 22:49:59,25.1216,62.3254,81.37,86,39,6.73
729,Ascension,US,2021-07-11 22:49:59,30.2169,-90.9001,81.0,88,1,0.0
730,Muroto,JP,2021-07-11 22:50:00,33.2833,134.15,77.04,81,100,3.42
731,Balykshi,KZ,2021-07-11 22:50:00,47.0667,51.8667,73.4,53,0,2.24
732,Vozhega,RU,2021-07-11 22:50:00,60.4725,40.2213,62.58,70,10,4.63
733,Inyonga,TZ,2021-07-11 22:50:01,-6.7167,32.0667,58.77,45,3,4.99
734,Pangai,TO,2021-07-11 22:50:01,-19.8,-174.35,80.71,78,20,10.36
735,Rosario,AR,2021-07-11 22:47:13,-32.9468,-60.6393,59.95,39,0,1.01
736,Churapcha,RU,2021-07-11 22:50:01,62.0025,132.4325,58.42,55,54,6.87
737,Patacamaya,BO,2021-07-11 22:50:01,-17.2333,-67.9167,46.4,51,1,8.05
738,Boguchany,RU,2021-07-11 22:50:02,58.3814,97.4531,62.82,69,100,2.13
739,Dimona,IL,2021-07-11 22:50:02,31.0667,35.0333,67.86,65,0,6.04
740,Porbandar,IN,2021-07-11 22:50:03,21.6422,69.6093,83.39,80,100,16.04
741,Kupang,ID,2021-07-11 22:50:03,-10.1667,123.5833,73.98,83,20,6.91
742,Ammon,US,2021-07-11 22:50:03,43.4696,-111.9666,95.05,16,1,12.66
743,Niksar,TR,2021-07-11 22:50:04,40.5917,36.9517,62.92,89,0,0.67
744,Bang Saphan,TH,2021-07-11 22:50:04,11.2126,99.5117,75.79,90,98,2.84
745,Muhos,FI,2021-07-11 22:50:04,64.808,25.9931,67.78,96,83,4.29
746,Breves,BR,2021-07-11 22:50:04,-1.6822,-50.4803,79.38,72,31,3.58
747,Sayyan,YE,2021-07-11 22:50:05,15.1718,44.3244,65.39,52,81,3.2
748,Korla,CN,2021-07-11 22:50:05,41.7597,86.1469,77.18,34,96,11.18
749,Bahir Dar,ET,2021-07-11 22:50:05,11.5936,37.3908,58.48,94,98,2.93
750,Shieli,KZ,2021-07-11 22:50:06,44.1667,66.75,73.17,33,0,4.45
751,Ust-Kulom,RU,2021-07-11 22:50:06,61.6864,53.6902,52.84,89,48,4.5
752,Lorengau,PG,2021-07-11 22:50:06,-2.0226,147.2712,83.16,78,97,7.87
753,Conde,BR,2021-07-11 22:50:06,-7.2597,-34.9075,74.66,88,20,6.91
754,Ayagoz,KZ,2021-07-11 22:50:07,47.9714,80.4392,60.3,88,97,7.11
755,Velingrad,BG,2021-07-11 22:50:07,42.0272,23.9957,64.89,69,97,3.53
756,Newcastle,AU,2021-07-11 22:50:02,-32.9272,151.7765,51.82,97,20,1.99
757,Saint Anthony,US,2021-07-11 22:45:15,45.0205,-93.218,88.02,38,40,3.0
758,Hov,NO,2021-07-11 22:50:08,60.6987,10.3519,58.89,98,3,3.29
759,Bahia Honda,CU,2021-07-11 22:50:08,22.9036,-83.1592,83.16,70,99,12.01
760,Umm Lajj,SA,2021-07-11 22:50:08,25.0213,37.2685,85.66,57,4,8.63
761,Punta Alta,AR,2021-07-11 22:50:09,-38.8759,-62.0736,52.39,43,15,10.38
762,Bridlington,GB,2021-07-11 22:50:09,54.0831,-0.1919,61.29,92,100,11.21
763,Mahibadhoo,MV,2021-07-11 22:50:09,3.7833,72.9667,82.04,79,100,13.29
764,Nadym,RU,2021-07-11 22:50:10,65.5333,72.5167,47.71,76,94,9.13
765,Qiongshan,CN,2021-07-11 22:50:10,20.0058,110.3542,75.18,100,0,0.0
766,Yamada,JP,2021-07-11 22:50:10,39.4667,141.95,70.63,95,99,2.37
767,Rodez,FR,2021-07-11 22:50:10,44.5,2.5833,71.28,60,58,8.05
768,Arrecife,ES,2021-07-11 22:50:11,28.963,-13.5477,75.18,78,0,19.57
769,Anadyr,RU,2021-07-11 22:50:11,64.75,177.4833,59.5,72,0,4.0
770,Laela,TZ,2021-07-11 22:50:11,-8.5667,32.05,50.92,73,0,4.85
771,Talmenka,RU,2021-07-11 22:50:11,53.8183,83.5677,65.64,85,92,4.92
772,Guaymas,MX,2021-07-11 22:50:12,27.9333,-110.9,95.88,58,9,10.4
773,Owando,CG,2021-07-11 22:50:12,-0.4819,15.8999,73.09,77,37,3.8
774,Zyryanovsk,KZ,2021-07-11 22:50:12,49.7386,84.2719,55.49,90,87,1.57
775,Westport,US,2021-07-11 22:50:12,41.1415,-73.3579,78.98,85,75,1.01
776,Udachnyy,RU,2021-07-11 22:50:13,66.4167,112.4,48.33,81,88,6.93
777,Laguna,US,2021-07-11 22:50:13,38.421,-121.4238,117.14,8,0,13.09
778,Fairbanks,US,2021-07-11 22:50:03,64.8378,-147.7164,71.1,38,40,0.0
779,Belyy Yar,RU,2021-07-11 22:50:13,53.6039,91.3903,57.09,82,0,2.24
780,Onega,RU,2021-07-11 22:50:14,63.9061,38.1404,62.4,83,68,2.89
781,Sibolga,ID,2021-07-11 22:50:14,1.7427,98.7792,74.93,92,100,2.89
782,Centralia,US,2021-07-11 22:50:14,46.7162,-122.9543,83.44,54,1,5.75
783,Kavaratti,IN,2021-07-11 22:50:15,10.5669,72.642,81.93,79,100,24.67
784,Kitale,KE,2021-07-11 22:50:15,1.0157,35.0062,56.23,96,95,0.25
785,Las Lomas,PA,2021-07-11 22:50:15,8.4333,-82.4,81.27,88,75,6.91
786,Lobito,AO,2021-07-11 22:50:16,-12.3481,13.5456,69.03,87,0,5.32
787,Colquechaca,BO,2021-07-11 22:50:16,-18.6667,-66.0167,36.95,53,16,5.23
788,Gushikawa,JP,2021-07-11 22:50:16,26.3544,127.8686,83.43,93,1,3.44
789,Phu Ly,VN,2021-07-11 22:50:16,20.5411,105.9139,78.64,89,80,3.38
790,Gorodishche,RU,2021-07-11 22:50:17,48.8045,44.4744,76.08,43,0,15.66
791,Sharan,RU,2021-07-11 22:50:17,54.8167,54.0,60.6,72,88,8.32
792,Beaverlodge,CA,2021-07-11 22:50:17,55.2166,-119.4361,72.75,27,81,15.99
793,San Agustin Acasaguastlan,GT,2021-07-11 22:50:17,14.95,-89.9667,81.16,84,89,5.41
794,Verkhniye Tatyshly,RU,2021-07-11 22:50:18,56.2912,55.8575,50.27,80,35,8.03
795,Langham,CA,2021-07-11 22:50:18,52.3668,-106.9679,84.04,38,84,18.3
796,San Fernando,PH,2021-07-11 22:50:18,15.0286,120.6898,81.14,75,96,2.33
797,Saint-Leu,RE,2021-07-11 22:50:19,-21.15,55.2833,67.03,89,67,3.89
798,Aktau,KZ,2021-07-11 22:50:19,43.65,51.2,70.38,47,0,5.73
799,North Bend,US,2021-07-11 22:46:27,43.4065,-124.2243,76.24,81,75,27.63
800,Ocos,GT,2021-07-11 22:50:19,14.5094,-92.1933,83.32,73,100,5.84
801,Sosua,DO,2021-07-11 22:50:20,19.7667,-70.5167,80.51,94,75,0.0
802,Barkhan,PK,2021-07-11 22:50:20,29.8977,69.5256,87.67,42,2,4.94
803,Puerto Cabezas,NI,2021-07-11 22:50:20,14.0351,-83.3888,75.16,88,40,4.61
804,Stepantsevo,RU,2021-07-11 22:50:20,56.1314,41.7032,58.96,71,0,4.03
805,Devils Lake,US,2021-07-11 22:48:39,48.1128,-98.8651,89.58,35,40,11.01
806,Mayo,US,2021-07-11 22:49:55,38.8876,-76.5119,90.73,80,47,8.99
807,Nizwa,OM,2021-07-11 22:50:21,22.9333,57.5333,91.27,44,87,1.52
808,Otradnoye,RU,2021-07-11 22:50:21,59.7775,30.8181,68.05,86,1,4.54
809,Myitkyina,MM,2021-07-11 22:50:21,25.3833,97.4,74.32,98,64,1.83
810,Burgthann,DE,2021-07-11 22:50:22,49.352,11.3115,59.22,95,17,3.15
811,Barntrup,DE,2021-07-11 22:50:22,51.9904,9.1164,64.31,96,8,2.42
812,Drovyanaya,RU,2021-07-11 22:50:22,51.5833,113.0333,60.31,76,87,2.82
813,Thunder Bay,CA,2021-07-11 22:50:23,48.4001,-89.3168,82.99,54,75,13.8
814,Srandakan,ID,2021-07-11 22:50:23,-7.9386,110.2506,53.73,90,24,4.43
815,Merzifon,TR,2021-07-11 22:50:23,40.8733,35.4631,63.86,82,0,4.61
816,Ban Phai,TH,2021-07-11 22:50:23,16.06,102.731,81.99,86,63,0.98
817,Tashtyp,RU,2021-07-11 22:50:24,52.7939,89.8983,57.06,92,100,3.06
818,Tottori,JP,2021-07-11 22:50:24,35.5,134.2333,75.27,94,75,4.61
819,Manono,CD,2021-07-11 22:50:24,-7.3,27.4167,68.65,27,2,4.52
820,Torres,BR,2021-07-11 22:45:47,-29.3353,-49.7269,63.82,89,0,3.51
821,Ouesso,CG,2021-07-11 22:50:25,1.6136,16.0517,71.51,91,43,2.01
822,Blackwater,AU,2021-07-11 22:50:25,-23.5833,148.8833,60.24,68,0,4.45
823,Mount Pleasant,US,2021-07-11 22:50:25,32.7941,-79.8626,84.42,82,40,1.99
824,Vanino,RU,2021-07-11 22:50:26,49.0869,140.2543,73.4,77,28,2.8
825,Kiama,AU,2021-07-11 22:50:26,-34.6833,150.8667,51.58,95,100,1.01
826,Tibiri,NE,2021-07-11 22:50:26,13.5627,7.0485,81.19,54,99,10.51
827,Kholm-Zhirkovskiy,RU,2021-07-11 22:50:26,55.5189,33.4731,66.6,92,8,5.99
828,Abu Kamal,SY,2021-07-11 22:50:27,34.4506,40.9171,90.21,22,0,7.78
829,Brazzaville,CG,2021-07-11 22:50:27,-4.2658,15.2832,79.11,88,40,5.75
830,Brattleboro,US,2021-07-11 22:50:27,42.8509,-72.5579,72.88,88,100,3.0
831,Suntar,RU,2021-07-11 22:50:28,62.1444,117.6319,64.85,56,81,3.51
832,San Patricio,US,2021-07-11 22:50:28,28.017,-97.5169,91.38,72,100,15.28
833,Kirakira,SB,2021-07-11 22:50:28,-10.4544,161.9205,83.46,76,42,8.81
834,Claremorris,IE,2021-07-11 22:50:29,53.7167,-9.0,58.01,97,100,4.92
835,Henties Bay,NA,2021-07-11 22:50:29,-22.116,14.2845,56.86,89,4,6.44
836,Kisangani,CD,2021-07-11 22:50:29,0.5167,25.2,72.88,83,49,2.77
837,Rexburg,US,2021-07-11 22:50:29,43.826,-111.7897,94.51,19,1,6.91
838,Ilo,PE,2021-07-11 22:50:30,-17.6394,-71.3375,60.06,80,24,1.52
839,Dong Hoi,VN,2021-07-11 22:50:30,17.4833,106.6,79.18,88,20,2.13
840,Buraydah,SA,2021-07-11 22:50:30,26.326,43.975,95.45,10,75,8.84
841,Benalla,AU,2021-07-11 22:50:31,-36.55,145.9833,45.99,88,70,5.5
842,Nipawin,CA,2021-07-11 22:50:31,53.3668,-104.0009,78.84,57,90,8.05
843,Ulladulla,AU,2021-07-11 22:48:23,-35.35,150.4667,48.87,74,100,4.32
844,Doume,CM,2021-07-11 22:50:31,4.2333,13.45,67.35,97,22,3.27
845,Kibala,TD,2021-07-11 22:50:32,9.1104,18.3463,71.55,88,20,0.0
846,Caibarien,CU,2021-07-11 22:50:32,22.5206,-79.4669,80.74,81,98,14.61
847,Brae,GB,2021-07-11 22:50:32,60.3964,-1.353,57.11,91,94,2.44
848,Cooma,AU,2021-07-11 22:50:32,-36.2333,149.1333,33.57,100,100,10.36
849,Terenos,BR,2021-07-11 22:50:33,-20.4422,-54.8603,71.31,43,0,5.75
850,Ketchikan,US,2021-07-11 22:50:33,55.3422,-131.6461,64.87,68,75,10.36
851,Pauini,BR,2021-07-11 22:50:33,-7.7136,-66.9764,79.59,48,18,1.9
852,Grand Forks,US,2021-07-11 22:50:33,47.9417,-97.4337,91.33,29,20,13.8
853,Pangody,RU,2021-07-11 22:50:34,65.85,74.4859,45.86,64,69,10.07
854,Bhinmal,IN,2021-07-11 22:50:34,25.0,72.25,83.95,75,98,1.92
855,Montgomery,US,2021-07-11 22:50:03,39.1501,-77.1997,89.19,70,55,1.99
856,Ellisras,ZA,2021-07-11 22:50:34,-23.6649,27.7443,50.83,53,0,3.96
857,Olot,ES,2021-07-11 22:50:35,42.181,2.4901,76.8,52,97,8.01
858,Novyy Urengoy,RU,2021-07-11 22:50:35,66.0833,76.6333,46.4,61,90,14.12
859,Gull Lake,CA,2021-07-11 22:50:35,50.1001,-108.4847,84.56,35,15,23.38
860,Male,MV,2021-07-11 22:50:09,4.1748,73.5089,84.15,79,75,16.11
861,Ligayan,PH,2021-07-11 22:50:36,4.6533,119.4706,81.93,77,91,0.63
862,Tigzirt,DZ,2021-07-11 22:50:36,36.8886,4.1198,86.49,38,28,5.41
863,Mezen,RU,2021-07-11 22:50:36,65.8522,44.24,42.26,78,20,5.35
864,Kilrush,IE,2021-07-11 22:50:36,52.6397,-9.4833,58.75,95,93,9.06
865,Labuhan,ID,2021-07-11 22:50:37,-6.8844,112.2051,76.21,87,6,7.61
866,Bull Savanna,JM,2021-07-11 22:50:37,17.8868,-77.5902,81.3,62,64,13.47
867,Denpasar,ID,2021-07-11 22:46:12,-8.65,115.2167,78.46,94,20,9.22
868,Santa Rosa,PH,2021-07-11 22:50:37,14.3122,121.1114,83.86,81,60,6.82
869,Kasongo-Lunda,CD,2021-07-11 22:50:38,-6.4667,16.8167,69.82,29,3,2.59
870,Jalakandapuram,IN,2021-07-11 22:50:38,11.6978,77.873,74.25,86,100,4.72
871,Isugod,PH,2021-07-11 22:50:38,9.3408,118.1196,80.29,84,84,4.09
872,Matagami,CA,2021-07-11 22:50:39,49.7502,-77.6328,73.51,31,1,3.44
873,Los Llanos De Aridane,ES,2021-07-11 22:50:39,28.6585,-17.9182,75.13,68,90,13.8
874,Khuzhir,RU,2021-07-11 22:50:39,53.1939,107.3397,50.79,88,100,5.48
875,Pontes E Lacerda,BR,2021-07-11 22:50:39,-15.2261,-59.3353,75.11,37,83,4.25
876,Fredericton,CA,2021-07-11 22:50:40,45.9454,-66.6656,78.04,57,1,3.44
877,Severodvinsk,RU,2021-07-11 22:50:40,64.5635,39.8302,57.31,77,64,8.72
878,Saiha,IN,2021-07-11 22:50:40,22.4833,92.9667,70.34,96,100,2.8
879,Albenga,IT,2021-07-11 22:50:41,44.0529,8.216,75.15,79,1,1.01
880,Svetlaya,RU,2021-07-11 22:50:41,46.5389,138.3297,68.02,88,53,5.35
881,Kungurtug,RU,2021-07-11 22:50:41,50.5994,97.5228,55.49,91,97,1.03
882,Novyy Urgal,RU,2021-07-11 22:50:41,51.0736,132.5642,70.92,84,15,0.54
883,Leon,MX,2021-07-11 22:48:19,21.1167,-101.6667,63.79,84,99,7.92
884,Maceio,BR,2021-07-11 22:49:57,-9.6658,-35.7353,76.44,78,75,9.22
885,Heihe,CN,2021-07-11 22:50:42,50.2441,127.4902,68.58,82,67,2.1
886,Petropavlovka,RU,2021-07-11 22:50:42,50.6114,105.3196,62.53,93,100,3.02
887,Sigli,ID,2021-07-11 22:49:17,5.3848,95.9609,76.95,76,100,5.91
888,Collie,AU,2021-07-11 22:50:43,-33.3667,116.15,51.85,89,83,12.68
889,Ipanguacu,BR,2021-07-11 22:50:43,-5.4983,-36.855,80.65,58,89,10.98
890,Port Lincoln,AU,2021-07-11 22:50:43,-34.7333,135.8667,56.59,79,71,16.06
891,Bani,DO,2021-07-11 22:50:43,18.2833,-70.3333,78.75,74,56,12.88
892,Racalmuto,IT,2021-07-11 22:50:44,37.4071,13.7338,76.06,50,0,4.76
893,Taksimo,RU,2021-07-11 22:50:44,56.3444,114.8794,57.72,94,99,0.87
894,Sampit,ID,2021-07-11 22:50:44,-2.5333,112.95,73.35,96,38,1.95
895,Todos Santos,MX,2021-07-11 22:46:08,23.45,-110.2167,95.31,82,14,7.09
896,Itamaraca,BR,2021-07-11 22:50:44,-7.7478,-34.8256,75.88,85,10,9.28
897,Cuamba,MZ,2021-07-11 22:50:45,-14.8031,36.5372,63.81,75,50,1.74
898,Urucara,BR,2021-07-11 22:50:45,-2.5364,-57.76,79.56,74,99,1.74
899,Krasnoselkup,RU,2021-07-11 22:50:45,65.7,82.4667,49.39,60,72,6.51
900,Saint-Raymond,CA,2021-07-11 22:50:46,45.467,-73.6095,80.46,51,90,4.61
901,Varkaus,FI,2021-07-11 22:50:46,62.3153,27.873,69.91,83,4,5.21
902,Mingaora,PK,2021-07-11 22:50:46,34.7758,72.3625,77.07,82,75,3.22
903,Boundiali,CI,2021-07-11 22:50:47,9.5217,-6.4869,71.31,93,32,4.85
904,Omboue,GA,2021-07-11 22:50:47,-1.5746,9.2618,74.07,88,40,7.09
905,Paramonga,PE,2021-07-11 22:50:47,-10.6667,-77.8333,65.39,80,31,6.51
906,Helsinki,FI,2021-07-11 22:50:47,60.1695,24.9355,64.78,81,0,5.75
907,Teya,RU,2021-07-11 22:50:48,60.3778,92.6267,57.7,98,97,3.4
908,Linfen,CN,2021-07-11 22:50:48,36.0889,111.5189,75.43,80,38,5.61
909,Aketi,CD,2021-07-11 22:50:48,2.7388,23.7833,70.72,97,100,1.59
910,Siilinjarvi,FI,2021-07-11 22:50:48,63.0833,27.6667,73.42,60,0,6.91
911,Noyabrsk,RU,2021-07-11 22:50:49,63.1994,75.4507,50.67,60,80,8.34
912,Yazman,PK,2021-07-11 22:50:49,29.1212,71.7446,101.43,32,9,14.25
913,Panguna,PG,2021-07-11 22:50:49,-6.3164,155.4848,76.23,77,93,2.82
914,Magadan,RU,2021-07-11 22:50:22,59.5667,150.8,54.55,92,100,2.1
915,Warman,CA,2021-07-11 22:50:50,52.3168,-106.5679,84.11,37,75,17.27
916,Mrakovo,RU,2021-07-11 22:50:50,52.7161,56.6244,56.57,90,51,4.59
917,Garowe,SO,2021-07-11 22:50:50,8.4054,48.4845,80.51,47,24,26.93
918,Marystown,CA,2021-07-11 22:50:50,47.1666,-55.1483,56.14,91,51,5.97
919,Tezu,IN,2021-07-11 22:50:51,27.9167,96.1667,75.49,82,88,2.73
920,Kyra,RU,2021-07-11 22:50:51,49.5776,111.9753,63.05,95,100,1.72
921,Danville,US,2021-07-11 22:50:51,36.586,-79.395,89.38,71,1,4.61
922,Chalus,IR,2021-07-11 22:50:52,36.655,51.4204,74.66,88,75,0.0
923,Sheridan,US,2021-07-11 22:50:52,44.8333,-106.9173,97.18,15,1,4.0
924,Sandpoint,US,2021-07-11 22:50:52,48.2766,-116.5533,95.85,17,1,1.01
